ingresos,egresos,activos,pasivos,vol_trans,a_econ
A,B,A,A,A,A
A,B,A,A,A,A
A,B,A,A,A,A
A,B,A,A,A,A
A,B,A,A,A,A
A,B,A,A,A,A
A,B,A,A,A,A
A,B,A,A,A,A
A,B,A,A,A,A
A,B,A,A,A,A
A,B,A,A,A,A
A,B,A,A,A,A
A,B,A,A,A,A
A,B,A,A,A,A
A,B,A,A,A,B
A,B,A,A,A,A
A,B,A,A,A,A
A,B,A,A,A,A
A,B,A,A,A,A
A,B,A,A,A,A
A,B,A,A,A,A
A,B,A,A,A,A
A,B,A,A,A,A
A,B,A,A,A,A
A,B,A,A,A,A
A,B,A,A,A,B
A,B,A,A,A,A
A,B,A,A,A,B
A,B,A,A,A,A
A,B,A,A,A,A
A,B,A,A,A,A
A,B,A,A,A,A
A,B,A,A,A,A
A,B,A,A,A,A
A,B,A,A,A,A
A,B,A,A,A,A
A,B,A,A,A,A
A,B,A,A,A,A
A,B,A,D,A,A
A,B,A,A,A,A
A,B,A,A,A,A
A,B,A,A,A,A
A,B,A,A,A,B
A,B,A,A,A,A
A,B,A,A,A,A
A,B,A,A,A,A
A,B,A,A,A,A
A,B,A,A,A,A
A,B,A,A,A,A
A,B,A,A,A,A
A,B,A,A,A,A
A,B,A,A,A,A
A,B,A,A,A,A
A,B,A,A,A,A
A,B,A,A,A,A
A,B,A,A,A,A
A,B,A,A,A,A
A,B,A,A,A,B
A,B,A,A,A,A
A,B,A,A,A,A
A,B,A,A,A,A
A,B,A,A,A,A
A,B,A,A,A,A
A,B,A,A,A,A
A,B,A,A,A,A
A,B,A,A,A,A
A,B,A,A,A,A
A,B,A,A,A,A
A,B,A,A,A,A
A,B,A,A,A,A
A,B,A,A,A,A
A,B,A,A,A,A
A,B,A,A,A,A
A,B,A,A,A,B
A,B,A,A,A,A
A,B,A,A,A,A
A,B,A,A,A,B
A,B,A,A,A,A
A,B,A,A,A,A
A,B,A,A,A,A
A,B,A,A,A,B
A,B,A,A,A,A
A,B,A,A,A,A
A,B,A,A,A,A
A,B,A,A,A,A
A,B,A,A,A,A
A,B,A,A,A,A
A,B,A,A,A,A
A,B,A,A,A,A
A,B,A,A,A,A
A,B,A,A,A,A
A,B,A,A,A,A
A,B,A,A,A,A
A,B,A,A,A,B
A,B,A,A,A,A
A,B,A,A,A,A
A,B,A,A,A,A
A,B,A,A,A,A
A,B,A,A,A,B
A,B,A,A,A,A
A,B,A,A,A,A
A,B,A,A,A,A
A,B,A,A,A,A
A,B,A,A,A,A
A,B,A,A,A,A
A,B,A,A,A,A
A,B,A,A,A,A
A,B,A,A,A,A
A,B,A,A,A,A
A,B,A,A,A,A
A,B,A,A,A,A
A,B,A,A,A,A
A,B,A,A,A,C
A,B,A,A,A,A
A,B,A,A,A,A
A,B,A,A,A,A
A,B,A,A,A,A
A,B,A,A,A,A
A,B,A,A,A,B
A,B,A,A,A,A
A,B,A,A,A,A
A,B,A,A,A,B
A,B,A,A,A,A
A,B,A,A,A,A
A,B,A,A,A,A
A,B,A,A,A,A
A,B,A,A,A,A
A,B,A,A,A,A
A,B,A,A,A,A
A,B,A,A,A,A
A,B,A,A,A,A
A,B,A,A,A,A
A,B,A,A,A,A
A,B,A,A,A,A
A,B,A,A,A,C
A,B,A,A,A,A
A,B,A,A,A,A
A,B,A,A,A,C
A,B,A,A,A,A
A,B,A,A,A,B
A,B,A,A,A,A
A,B,A,A,A,A
A,B,A,A,A,A
A,B,A,A,A,A
A,B,A,A,A,B
A,B,A,A,A,B
A,B,A,A,A,A
A,B,A,A,A,A
A,B,A,A,A,A
A,B,A,A,A,A
A,B,A,A,A,A
A,B,A,A,A,B
A,B,A,A,A,A
A,B,A,A,A,A
A,B,A,A,A,C
A,B,A,A,A,A
A,B,A,A,A,A
A,B,A,A,A,A
A,B,A,A,A,B
A,B,A,A,A,B
A,B,A,A,A,A
A,B,A,A,A,A
A,B,A,A,A,A
A,B,A,A,A,A
A,B,A,A,A,A
A,B,A,A,A,B
A,B,A,A,A,A
A,B,A,A,A,A
A,B,A,A,A,A
A,B,A,A,A,A
A,B,A,A,A,A
A,B,A,A,A,A
A,B,A,A,A,B
A,B,A,A,A,B
A,B,A,A,A,A
A,B,A,A,A,A
A,B,A,A,A,A
A,B,A,A,A,A
A,B,A,A,A,A
A,B,A,A,A,A
A,B,A,A,A,A
A,B,A,A,A,A
A,B,A,A,A,C
A,B,A,A,A,A
A,B,A,A,A,A
A,B,A,A,A,C
A,B,A,A,A,B
A,B,A,A,A,A
A,B,A,A,A,A
A,B,A,A,A,A
A,B,A,A,A,A
A,B,A,A,A,B
A,B,A,A,A,A
A,B,A,A,A,A
A,B,A,A,A,A
A,B,A,A,A,A
A,B,A,A,A,C
A,B,A,A,A,A
A,B,A,A,A,A
A,B,A,A,A,A
A,B,A,A,A,A
A,B,A,A,A,A
A,B,A,A,A,A
A,B,A,A,A,A
A,B,A,A,A,A
A,B,A,A,A,A
A,B,A,A,A,A
A,B,A,A,A,A
A,B,A,A,A,A
A,B,A,A,A,A
A,B,A,A,A,B
A,B,A,A,A,A
A,B,A,A,A,A
A,B,A,A,A,A
A,B,A,A,A,A
A,B,A,A,A,A
A,B,A,A,A,A
A,B,A,A,A,A
A,B,A,A,A,A
A,B,A,A,A,A
A,B,A,A,A,A
A,B,A,A,A,B
A,B,A,A,A,A
A,B,A,A,A,A
A,B,A,A,A,A
A,B,A,A,A,B
A,B,A,A,A,A
A,B,A,A,A,A
A,B,A,A,A,B
A,B,A,A,A,A
A,B,A,A,A,B
A,B,A,A,A,A
A,B,A,A,A,A
A,B,A,A,A,A
A,B,A,A,A,A
A,B,A,A,A,A
A,B,A,A,A,A
A,B,A,A,A,A
A,B,A,A,A,A
A,B,A,A,A,A
A,B,A,A,A,A
A,B,A,A,A,B
A,B,A,A,A,A
A,B,A,A,A,A
A,B,A,A,A,A
A,B,A,A,A,A
A,B,A,A,A,A
A,B,A,A,A,A
A,B,A,A,A,A
A,B,A,A,A,A
A,B,A,A,A,A
A,B,A,A,A,A
A,B,A,A,A,A
A,B,A,A,A,A
A,B,A,A,A,A
A,B,A,A,A,A
A,B,A,A,A,A
A,B,A,A,A,A
A,B,A,A,A,A
A,B,A,A,A,A
A,B,A,A,A,A
A,B,A,A,A,A
A,B,A,A,A,A
A,B,A,A,A,A
A,B,A,A,A,B
A,B,A,A,A,B
A,B,A,A,A,A
A,B,A,A,A,A
A,B,A,A,A,A
A,B,A,A,A,A
A,B,A,A,A,B
A,B,A,A,A,A
A,B,A,A,A,A
A,B,A,A,A,A
A,B,A,A,A,A
A,B,A,A,A,A
A,B,A,A,A,A
A,B,A,A,A,A
A,B,A,A,A,A
A,B,A,A,A,A
A,B,A,A,A,A
A,B,A,A,A,A
A,B,A,A,A,A
A,B,A,A,A,A
A,B,A,A,A,A
A,B,A,A,A,A
A,B,A,A,A,A
A,B,A,A,A,A
A,B,A,A,A,B
A,B,A,A,A,A
A,B,A,A,A,A
A,B,A,A,A,A
A,B,A,A,A,A
A,B,A,A,A,A
A,B,A,A,A,A
A,B,A,A,A,B
A,B,A,A,A,A
A,B,A,A,A,A
A,B,A,A,A,A
A,B,A,A,A,A
A,B,A,A,A,A
A,B,A,A,A,A
A,B,A,A,A,A
A,B,A,A,A,A
A,B,A,A,A,A
A,B,A,A,A,A
A,B,A,A,A,A
A,B,A,A,A,B
A,B,A,A,A,A
A,B,A,A,A,A
A,B,A,A,A,A
A,B,A,A,A,B
A,B,A,A,A,A
A,B,A,A,A,A
A,B,A,A,A,B
A,B,A,A,A,A
A,B,A,A,A,A
A,B,A,A,A,A
A,B,A,A,A,A
A,B,A,A,A,A
A,B,A,A,A,A
A,B,A,A,A,A
A,B,A,A,A,A
A,B,A,A,A,A
A,B,A,A,A,A
A,B,A,A,A,A
A,B,A,A,A,A
A,B,A,A,A,A
A,B,A,A,A,A
A,B,A,A,A,B
A,B,A,A,A,A
A,B,A,A,A,B
A,B,A,A,A,A
A,B,A,A,A,A
A,B,A,A,A,A
A,B,A,A,A,A
A,B,A,A,A,A
A,B,A,A,A,A
A,B,A,A,A,A
A,B,A,A,A,A
A,B,A,A,A,A
A,B,A,A,A,A
A,B,A,A,A,A
A,B,A,A,A,A
A,B,A,A,A,A
A,B,A,A,A,A
A,B,A,A,A,A
A,B,A,A,A,A
A,B,A,A,A,A
A,B,A,A,A,A
A,B,A,A,A,A
A,B,A,A,A,A
A,B,A,A,A,A
A,B,A,A,A,A
A,B,A,A,A,A
A,B,A,A,A,A
A,B,A,A,A,A
A,B,A,A,A,A
A,B,A,A,A,A
A,B,A,A,A,A
A,B,A,A,A,A
A,B,A,A,A,A
A,B,A,A,A,A
A,B,A,A,A,A
A,B,A,A,A,A
A,B,A,A,A,A
A,B,A,A,A,A
A,B,A,A,A,A
A,B,A,A,A,A
A,B,A,A,A,B
A,B,A,A,A,A
A,B,A,A,A,A
A,B,A,A,A,A
A,B,A,A,A,A
A,B,A,A,A,A
A,B,A,A,A,B
A,B,A,A,A,A
A,B,A,A,A,A
A,B,A,A,A,A
A,B,A,A,A,A
A,B,A,A,A,A
A,B,A,A,A,A
A,B,A,A,A,A
A,B,A,A,A,A
A,B,A,A,A,A
A,B,A,A,A,A
A,B,A,A,A,A
A,B,A,A,A,A
A,B,A,A,A,A
A,B,A,A,A,A
A,B,A,A,A,A
A,B,A,A,A,A
A,B,A,A,A,A
A,B,A,A,A,A
A,B,A,A,A,A
A,B,A,A,A,A
A,B,A,A,A,A
A,B,A,A,A,B
A,B,A,A,A,A
A,B,A,A,A,A
A,B,A,A,A,A
A,B,A,A,A,B
A,B,A,A,A,A
A,B,A,A,A,A
A,B,A,A,A,A
A,B,A,A,A,B
A,B,A,A,A,A
A,B,A,A,A,A
A,B,A,A,A,A
A,B,A,A,A,A
A,B,A,A,A,A
A,B,A,A,A,A
A,B,A,A,A,A
A,B,A,A,A,A
A,B,A,A,A,A
A,B,A,A,A,A
A,B,A,A,A,A
A,B,A,A,A,A
A,B,A,A,A,A
A,B,A,A,A,A
A,B,A,A,A,A
A,B,A,A,A,A
A,B,A,A,A,A
A,B,A,A,A,B
A,B,A,A,A,A
A,B,A,A,A,A
A,B,A,A,A,A
A,B,A,A,A,B
A,B,A,A,A,A
A,B,A,A,A,A
A,B,A,A,A,A
A,B,A,A,A,A
A,B,A,A,A,D
A,B,A,A,A,B
A,B,A,A,A,A
A,B,A,A,A,B
A,B,A,A,A,A
A,B,A,A,A,A
A,B,A,A,A,A
A,B,A,A,A,A
A,B,A,A,A,A
A,B,A,A,A,A
A,B,A,A,A,A
A,B,A,A,A,A
A,B,A,A,A,A
A,B,A,A,A,A
A,B,A,A,A,A
A,B,A,A,A,A
A,B,A,A,A,A
A,B,A,A,A,A
A,B,A,A,A,C
A,B,A,A,A,A
A,B,A,A,A,B
A,B,A,A,A,B
A,B,A,A,A,B
A,B,A,A,A,A
A,B,A,A,A,A
A,B,A,A,A,A
A,B,A,A,A,B
A,B,A,A,A,A
A,B,A,A,A,A
A,B,A,A,A,A
A,B,A,A,A,C
A,B,A,A,A,A
A,B,A,A,A,A
A,B,A,A,A,A
A,B,A,A,A,A
A,B,A,A,A,A
A,B,A,A,A,C
A,B,A,A,A,B
A,B,A,A,A,A
A,B,A,A,A,A
A,B,A,A,A,B
A,B,A,A,A,A
A,B,A,A,A,A
A,B,A,A,A,A
A,B,A,A,A,A
A,B,A,A,A,A
A,B,A,A,A,A
A,B,A,A,A,A
A,B,A,A,A,B
A,B,A,A,A,A
A,B,A,A,A,A
A,B,A,A,A,A
A,B,A,A,A,B
A,B,A,A,A,A
A,B,A,A,A,A
A,B,A,A,A,A
A,B,A,A,A,B
A,B,A,A,A,B
A,B,A,A,A,A
A,B,A,A,A,A
A,B,A,A,A,A
A,B,A,A,A,A
A,B,A,A,A,A
A,B,A,A,A,A
A,B,A,A,A,A
A,B,A,A,A,A
A,B,A,A,A,A
A,B,A,A,A,B
A,B,A,A,A,A
A,B,A,A,A,B
A,B,A,A,A,A
A,B,A,A,A,B
A,B,A,A,A,A
A,B,A,A,A,A
A,B,A,A,A,A
A,B,A,A,A,A
A,B,A,A,A,A
A,B,A,A,A,A
A,B,A,A,A,A
A,B,A,A,A,B
A,B,A,A,A,B
A,B,A,A,A,B
A,B,A,A,A,A
A,B,A,A,A,A
A,B,A,A,A,A
A,B,A,A,A,A
A,B,A,A,A,A
A,B,A,A,A,C
A,B,A,A,A,A
A,B,A,A,A,A
A,B,A,A,A,A
A,B,A,A,A,A
A,B,A,A,A,B
A,B,A,A,A,A
A,B,A,A,A,A
C,B,A,A,C,A
A,B,A,A,A,A
A,B,A,A,A,A
A,B,A,A,A,A
A,B,A,A,A,A
A,B,A,A,A,A
A,B,A,A,A,B
A,B,A,A,A,A
A,B,A,A,A,A
A,B,A,A,A,A
A,B,A,A,A,A
A,B,A,A,A,A
A,B,A,A,A,A
A,B,A,A,A,A
A,B,A,A,A,A
A,B,A,A,A,C
A,B,A,A,A,C
A,B,A,A,A,C
A,B,A,A,A,A
A,B,A,A,A,A
A,B,A,A,A,A
A,B,A,A,A,A
A,B,A,A,A,A
A,B,A,A,A,A
A,B,A,A,A,A
A,B,A,A,A,A
A,B,A,A,A,A
A,B,A,A,A,A
A,B,A,A,A,A
A,B,A,A,A,A
A,B,A,A,A,A
A,B,A,A,A,A
A,B,A,A,A,B
A,B,A,A,A,A
A,B,A,A,A,A
A,B,A,A,A,A
A,B,A,A,A,A
A,B,A,A,A,A
A,B,A,A,A,A
A,B,A,A,A,A
A,B,A,A,A,C
A,B,A,A,A,A
A,B,A,A,A,B
A,B,A,A,A,A
A,B,A,A,A,B
A,B,A,A,A,B
A,B,A,A,A,A
A,B,A,A,A,B
A,B,A,A,A,B
A,B,A,A,A,B
A,B,A,A,A,A
A,B,A,A,A,B
A,B,A,A,A,A
A,B,A,A,A,A
A,B,A,A,A,A
A,B,A,A,A,A
A,B,A,A,A,A
A,B,A,A,A,A
A,B,A,A,A,A
A,B,A,A,A,A
A,B,A,A,A,A
A,B,A,A,A,A
A,B,A,A,A,A
A,B,A,A,A,A
A,B,A,A,A,A
A,B,A,A,A,B
A,B,A,A,A,A
A,B,A,A,A,A
A,B,A,A,A,A
A,B,A,A,A,A
A,B,A,A,A,A
A,B,A,A,A,A
A,B,A,A,A,A
A,B,A,A,A,B
A,B,A,A,A,A
A,B,A,A,A,A
A,B,A,A,A,A
A,B,A,A,A,A
A,B,A,A,A,A
A,B,A,A,A,A
A,B,A,A,A,A
A,B,A,A,A,C
A,B,A,A,A,A
A,B,A,A,A,A
A,B,A,A,A,A
A,B,A,A,A,C
A,B,A,A,A,A
A,B,A,A,A,A
A,B,A,A,A,A
A,B,A,A,A,C
A,B,A,A,A,A
A,B,A,A,A,A
A,B,A,A,A,A
A,B,A,A,A,A
A,B,A,A,A,B
A,B,A,A,A,A
A,B,A,A,A,A
A,B,A,A,A,B
A,B,A,A,A,A
A,B,A,A,A,A
A,B,A,A,A,A
A,B,A,A,A,A
A,B,A,A,A,A
A,B,A,A,A,A
A,B,A,A,A,A
A,B,A,A,A,A
A,B,A,A,A,B
A,B,A,A,A,B
A,B,A,A,A,A
A,B,A,A,A,A
A,B,A,A,A,A
A,B,A,A,A,A
A,B,A,A,A,A
A,B,A,A,A,A
A,B,A,A,A,A
A,B,A,A,A,A
A,B,A,A,A,A
A,B,A,A,A,A
A,B,A,A,A,A
C,B,A,A,C,B
A,B,A,A,A,A
A,B,A,A,A,A
A,B,A,A,A,A
A,B,A,A,A,A
A,B,A,A,A,A
A,B,A,A,A,B
A,B,A,A,A,A
A,B,A,A,A,A
A,B,A,A,A,A
A,B,A,A,A,A
A,B,A,A,A,A
A,B,A,A,A,A
A,B,A,A,A,A
A,B,A,A,A,A
A,B,A,A,A,B
A,B,A,A,A,A
A,B,A,A,A,B
A,B,A,A,A,A
A,B,A,A,A,A
A,B,A,A,A,C
A,B,A,A,A,A
A,B,A,A,A,B
A,B,A,A,A,A
A,B,A,A,A,B
A,B,A,A,A,C
A,B,A,A,A,D
A,B,A,A,A,A
A,B,A,A,A,A
A,B,A,A,A,A
A,B,A,A,A,A
A,B,A,A,A,A
A,B,A,A,A,A
A,B,A,A,A,A
A,B,A,A,A,A
A,B,A,A,A,A
A,B,A,A,A,A
A,B,A,A,A,A
A,B,A,A,A,A
A,B,A,A,A,A
A,B,A,A,A,A
A,B,A,A,A,A
A,B,A,A,A,A
A,B,A,A,A,C
A,B,A,A,A,A
A,B,A,A,A,A
A,B,A,A,A,B
A,B,A,A,A,A
A,B,A,A,A,A
A,B,A,A,A,A
A,B,A,A,A,A
A,B,A,A,A,B
A,B,A,A,A,A
A,B,A,A,A,B
A,B,A,A,A,A
A,B,A,A,A,B
A,B,A,A,A,A
A,B,A,A,A,E
A,B,A,A,A,B
A,B,A,A,A,A
A,B,A,A,A,A
A,B,A,A,A,A
A,B,A,A,A,B
A,B,A,A,A,A
A,B,A,A,A,A
A,B,A,A,A,A
A,B,A,A,A,A
A,B,A,A,A,A
A,B,A,A,A,A
A,B,A,A,A,A
A,B,A,A,A,A
A,B,A,A,A,A
A,B,A,A,A,B
A,B,A,A,A,A
A,B,A,A,A,A
A,B,A,A,A,A
A,B,A,A,A,A
A,B,A,A,A,A
A,B,A,A,A,A
A,B,A,A,A,A
A,B,A,A,A,C
A,B,A,A,A,A
A,B,A,A,A,B
A,B,A,A,A,A
A,B,A,A,A,B
A,B,A,A,A,A
A,B,A,A,A,A
A,B,A,A,A,B
A,B,A,A,A,B
A,B,A,A,A,A
A,B,A,A,A,B
A,B,A,A,A,A
A,B,A,A,A,A
A,B,A,A,A,B
A,B,A,A,A,B
A,B,A,A,A,B
A,B,A,A,A,B
A,B,A,A,A,A
A,B,A,A,A,A
A,B,A,A,A,A
A,B,A,A,A,A
A,B,A,A,A,A
A,B,A,A,A,A
A,B,A,A,A,B
A,B,A,A,A,A
A,B,A,A,A,A
A,B,A,A,A,A
A,B,A,A,A,A
A,B,A,A,A,A
A,B,A,A,A,A
A,B,A,A,A,A
A,B,A,A,A,A
A,B,A,A,A,A
A,B,A,A,A,A
A,B,A,A,A,A
A,B,A,A,A,A
A,B,A,A,A,A
A,B,A,A,A,A
A,B,A,A,A,A
A,B,A,A,A,A
A,B,A,A,A,A
A,B,A,A,A,A
A,B,A,A,A,A
A,B,A,A,A,A
A,B,A,A,A,A
A,B,A,A,A,A
A,B,A,A,A,A
A,B,A,A,A,A
A,B,A,A,A,A
A,B,A,A,A,A
A,B,A,A,A,A
A,B,A,A,A,A
A,B,A,A,A,A
A,B,A,A,A,A
A,B,A,A,A,A
A,B,A,A,A,A
A,B,A,A,A,A
A,B,A,A,A,A
A,B,A,A,A,A
A,B,A,A,A,A
A,B,A,A,A,A
A,B,A,A,A,A
A,B,A,A,A,A
A,B,A,A,A,A
A,B,A,A,A,A
A,B,A,A,A,A
A,B,A,A,A,A
A,B,A,A,A,A
A,B,A,A,A,B
A,B,A,A,A,A
A,B,A,A,A,A
A,B,A,A,A,A
A,B,A,A,A,B
A,B,A,A,A,A
A,B,A,A,A,A
A,B,A,A,A,A
A,B,A,A,A,A
A,B,A,A,A,A
A,B,A,A,A,A
A,B,A,A,A,A
A,B,A,A,A,A
A,B,A,A,A,A
A,B,A,A,A,A
A,B,A,A,A,A
A,B,A,A,A,A
A,B,A,A,A,A
A,B,A,A,A,A
A,B,A,A,A,A
A,B,A,A,A,B
A,B,A,A,A,A
A,B,A,A,A,A
A,B,A,A,A,D
A,B,A,A,A,A
A,B,A,A,A,A
A,B,A,A,A,A
A,B,A,A,A,A
A,B,A,A,A,B
A,B,A,A,A,A
A,B,A,A,A,A
A,B,A,A,A,C
A,B,A,A,A,A
A,B,A,A,A,A
A,B,A,A,A,A
A,B,A,A,A,B
A,B,A,A,A,A
A,B,A,A,A,A
A,B,A,A,A,A
A,B,A,A,A,A
A,B,A,A,A,B
A,B,A,A,A,C
A,B,A,A,A,A
A,B,A,A,A,C
A,B,A,A,A,B
A,B,A,A,A,B
A,B,A,A,A,A
A,B,A,A,A,C
A,B,A,A,A,C
A,B,A,A,A,A
A,B,A,A,A,C
A,B,A,A,A,B
A,B,A,A,A,A
A,B,A,A,A,A
A,B,A,A,A,A
A,B,A,A,A,A
A,B,A,A,A,A
A,B,A,A,A,A
A,B,A,A,A,A
A,B,A,A,A,A
A,B,A,A,A,A
A,B,A,A,A,A
A,B,A,A,A,B
A,B,A,A,A,A
A,B,A,A,A,A
A,B,A,A,A,A
A,B,A,A,A,B
A,B,A,A,A,A
A,B,A,A,A,C
A,B,A,A,A,A
A,B,A,A,A,C
A,B,A,A,A,C
A,B,A,A,A,A
A,B,A,A,A,C
A,B,A,A,A,A
A,B,A,A,A,C
A,B,A,A,A,A
A,B,A,A,A,A
A,B,A,A,A,B
A,B,A,A,A,A
A,B,A,A,A,A
A,B,A,A,A,A
A,B,A,A,A,A
A,B,A,A,A,B
A,B,A,A,A,A
A,B,A,A,A,A
A,B,A,A,A,A
A,B,A,A,A,A
A,B,A,A,A,A
A,B,A,A,A,C
A,B,A,A,A,A
A,B,A,A,A,A
A,B,A,A,A,A
A,B,A,A,A,C
A,B,A,A,A,C
A,B,A,A,A,A
A,B,A,A,A,A
A,B,A,A,A,A
A,B,A,A,A,A
A,B,A,A,A,A
A,B,A,A,A,A
A,B,A,A,A,A
A,B,A,A,A,A
A,B,A,A,A,A
A,B,A,A,A,A
A,B,A,A,A,A
A,B,A,A,A,A
A,B,A,A,A,A
A,B,A,A,A,A
A,B,A,A,A,A
A,B,A,A,A,C
A,B,A,A,A,C
A,B,A,A,A,B
A,B,A,A,A,C
A,B,A,A,A,A
A,B,A,A,A,A
A,B,A,A,A,A
A,B,A,A,A,A
A,B,A,A,A,A
A,B,A,A,A,A
A,B,A,A,A,C
A,B,A,A,A,C
A,B,A,A,A,A
A,B,A,A,A,A
A,B,A,A,A,A
A,B,A,A,A,B
A,B,A,A,A,A
A,B,A,A,A,A
A,B,A,A,A,A
A,B,A,A,A,A
A,B,A,A,A,A
A,B,A,A,A,B
A,B,A,A,A,A
A,B,A,A,A,A
A,B,A,A,A,A
A,B,A,A,A,A
A,B,A,A,A,A
A,B,A,A,A,A
A,B,A,A,A,B
A,B,A,A,A,A
A,B,A,A,A,B
A,B,A,A,A,C
A,B,A,A,A,A
A,B,A,A,A,A
A,B,A,A,A,A
A,B,A,A,A,A
A,B,A,A,A,E
A,B,A,A,A,A
A,B,A,A,A,A
A,B,A,A,A,A
A,B,A,A,A,C
A,B,A,A,A,B
A,B,A,A,A,B
A,B,A,A,A,A
A,B,A,A,A,A
A,B,A,A,A,A
A,B,A,A,A,A
A,B,A,A,A,A
A,B,A,A,A,A
A,B,A,A,A,A
A,B,A,A,A,A
A,B,A,A,A,A
A,B,A,A,A,A
A,B,A,A,A,A
A,B,A,A,A,A
A,B,A,A,A,A
A,B,A,A,A,A
A,B,A,A,A,A
A,B,A,A,A,A
A,B,A,A,A,B
A,B,A,A,A,A
A,B,A,A,A,A
A,B,A,A,A,A
A,B,A,A,A,A
A,B,A,A,A,A
A,B,A,A,A,C
A,B,A,A,A,C
A,B,A,A,A,A
A,B,A,A,A,A
A,B,A,A,A,A
A,B,A,A,A,A
A,B,A,A,A,A
A,B,A,A,A,A
A,B,A,A,A,A
A,B,A,A,A,A
A,B,A,A,A,A
A,B,A,A,A,A
A,B,A,A,A,A
A,B,A,A,A,A
A,B,A,A,A,A
A,B,A,A,A,B
A,B,A,A,A,A
A,B,A,A,A,A
A,B,A,A,A,A
A,B,A,A,A,A
A,B,A,A,A,A
A,B,A,A,A,A
A,B,A,A,A,A
A,B,A,A,A,A
A,B,A,A,A,A
A,B,A,A,A,A
A,B,A,A,A,A
A,B,A,A,A,A
A,B,A,A,A,A
A,B,A,A,A,A
A,B,A,A,A,A
A,B,A,A,A,A
A,B,A,A,A,A
A,B,A,A,A,A
A,B,A,A,A,A
A,B,A,A,A,A
A,B,A,A,A,A
A,B,A,A,A,A
A,B,A,A,A,A
A,B,A,A,A,A
A,B,A,A,A,A
A,B,A,A,A,B
A,B,A,A,A,A
A,B,A,A,A,A
A,B,A,A,A,A
A,B,A,A,A,A
A,B,A,A,A,B
A,B,A,A,A,A
A,B,A,A,A,A
A,B,A,A,A,A
A,B,A,A,A,A
A,B,A,A,A,A
A,B,A,A,A,A
A,B,A,A,A,B
A,B,A,A,A,A
A,B,A,A,A,A
A,B,A,A,A,A
A,B,A,A,A,A
A,B,A,A,A,A
A,B,A,A,A,A
A,B,A,A,A,A
A,B,A,A,A,A
A,B,A,A,A,A
A,B,A,A,A,A
A,B,A,A,A,A
A,B,A,A,A,A
A,B,A,A,A,A
A,B,A,A,A,A
A,B,A,A,A,A
A,B,A,A,A,A
A,B,A,A,A,A
A,B,A,A,A,A
A,B,A,A,A,A
A,B,A,A,A,A
A,B,A,A,A,A
A,B,A,A,A,A
A,B,A,A,A,C
A,B,A,A,A,A
A,B,A,A,A,A
A,B,A,A,A,A
A,B,A,A,A,A
A,B,A,A,A,A
A,B,A,A,A,A
A,B,A,A,A,A
A,B,A,A,A,A
A,B,A,A,A,A
A,B,A,A,A,A
A,B,A,A,A,A
A,B,A,A,A,A
A,B,A,A,A,A
A,B,A,A,A,B
A,B,A,A,A,A
A,B,A,A,A,A
A,B,A,A,A,A
A,B,A,A,A,A
A,B,A,A,A,A
A,B,A,A,A,A
A,B,A,A,A,A
A,B,A,A,A,A
A,B,A,A,A,A
A,B,A,A,A,A
A,B,A,A,A,A
A,B,A,A,A,A
A,B,A,A,A,A
A,B,A,A,A,A
A,B,A,A,A,A
A,B,A,A,A,A
A,B,A,A,A,A
A,B,A,A,A,A
A,B,A,A,A,A
A,B,A,A,A,A
A,B,A,A,A,A
A,B,A,A,A,A
A,B,A,A,A,A
A,B,A,A,A,A
A,B,A,A,A,A
A,B,A,A,A,A
A,B,A,A,A,A
A,B,A,A,A,B
A,B,A,A,A,A
A,B,A,A,A,A
A,B,A,A,A,A
A,B,A,A,A,A
A,B,A,A,A,A
A,B,A,A,A,A
A,B,A,A,A,A
A,B,A,A,A,A
A,B,A,A,A,A
A,B,A,A,A,B
A,B,A,A,A,A
A,B,A,A,A,A
A,B,A,A,A,A
A,B,A,A,A,A
A,B,A,A,A,A
A,B,A,A,A,A
A,B,A,A,A,A
A,B,A,A,A,A
A,B,A,A,A,B
A,B,A,A,A,A
A,B,A,A,A,A
A,B,A,A,A,A
A,B,A,A,A,B
A,B,A,A,A,A
A,B,A,A,A,A
A,B,A,A,A,A
A,B,A,A,A,A
A,B,A,A,A,A
A,B,A,A,A,B
A,B,A,A,A,A
A,B,A,A,A,A
A,B,A,A,A,B
A,B,A,A,A,A
A,B,A,A,A,A
A,B,A,A,A,A
A,B,A,A,A,A
A,B,A,A,A,A
A,B,A,A,A,A
A,B,A,A,A,A
A,B,A,A,A,A
A,B,A,A,A,A
A,B,A,A,A,A
A,B,A,A,A,A
A,B,A,A,A,B
A,B,A,A,A,A
A,B,A,A,A,A
A,B,A,A,A,A
A,B,A,A,A,B
A,B,A,A,A,A
A,B,A,A,A,A
A,B,A,A,A,A
A,B,A,A,A,A
A,B,A,A,A,A
A,B,A,A,A,B
A,B,A,A,A,A
A,B,A,A,A,A
A,B,A,A,A,A
A,B,A,A,A,A
A,B,A,A,A,A
A,B,A,A,A,A
A,B,A,A,A,A
A,B,A,A,A,A
A,B,A,A,A,A
A,B,A,A,A,A
A,B,A,A,A,B
A,B,A,A,A,A
A,B,A,A,A,A
A,B,A,A,A,A
A,B,A,A,A,A
A,B,A,A,A,A
A,B,A,A,A,A
A,B,A,A,A,A
A,B,A,A,A,A
A,B,A,A,A,A
A,B,A,A,A,A
A,B,A,A,A,A
A,B,A,A,A,A
A,B,A,A,A,A
A,B,A,A,A,B
A,B,A,A,A,A
A,B,A,A,A,A
A,B,A,A,A,A
A,B,A,A,A,D
A,B,A,A,A,B
A,B,A,A,A,A
A,B,A,A,A,A
A,B,A,A,A,A
A,B,A,A,A,A
A,B,A,A,A,A
A,B,A,A,A,A
A,B,A,A,A,A
A,B,A,A,A,B
A,B,A,A,A,A
A,B,A,A,A,A
A,B,A,A,A,A
A,B,A,A,A,A
A,B,A,A,A,A
A,B,A,A,A,A
A,B,A,A,A,A
A,B,A,A,A,A
A,B,A,A,A,B
A,B,A,A,A,A
A,B,A,A,A,A
A,B,A,A,A,A
A,B,A,A,A,A
A,B,A,A,A,A
A,B,A,A,A,A
A,B,A,A,A,A
A,B,A,A,A,A
A,B,A,A,A,A
A,B,A,A,A,A
A,B,A,A,A,A
A,B,A,A,A,A
A,B,A,A,A,A
A,B,A,A,A,D
A,B,A,A,A,A
A,B,A,A,A,A
A,B,A,A,A,B
A,B,A,A,A,A
A,B,A,A,A,A
A,B,A,A,A,B
A,B,A,A,A,C
A,B,A,A,A,A
A,B,A,A,A,A
A,B,A,A,A,A
A,B,A,A,A,C
A,B,A,A,A,C
A,B,A,A,A,A
A,B,A,A,A,A
A,B,A,A,A,A
A,B,A,A,A,A
A,B,A,A,A,A
A,B,A,A,A,A
A,B,A,A,A,A
A,B,A,A,A,A
A,B,A,A,A,C
A,B,A,A,A,C
A,B,A,A,A,A
A,B,A,A,A,A
A,B,A,A,A,C
A,B,A,A,A,C
A,B,A,A,A,C
A,B,A,A,A,A
A,B,A,A,A,A
A,B,A,A,A,A
A,B,A,A,A,A
A,B,A,A,A,A
A,B,A,A,A,A
A,B,A,A,A,B
A,B,A,A,A,A
A,B,A,A,A,A
A,B,A,A,A,A
A,B,A,A,A,A
A,B,A,A,A,A
A,B,A,A,A,A
A,B,A,A,A,A
A,B,A,A,A,A
A,B,A,A,A,A
A,B,A,A,A,A
A,B,A,A,A,A
A,B,A,A,A,A
A,B,A,A,A,A
A,B,A,A,A,A
A,B,A,A,A,A
A,B,A,A,A,C
A,B,A,A,A,A
A,B,A,A,A,A
A,B,A,A,A,C
A,B,A,A,A,A
A,B,A,A,A,A
A,B,A,A,A,A
A,B,A,A,A,A
A,B,A,A,A,A
A,B,A,A,A,A
A,B,A,A,A,A
A,B,A,A,A,B
A,B,A,A,A,A
A,B,A,A,A,A
A,B,A,A,A,A
A,B,A,A,A,A
A,B,A,A,A,A
A,B,A,A,A,A
A,B,A,A,A,A
A,B,A,A,A,C
A,B,A,A,A,A
A,B,A,A,A,A
A,B,A,A,A,A
A,B,A,A,A,A
A,B,A,A,A,B
A,B,A,A,A,A
A,B,A,A,A,A
A,B,A,A,A,A
A,B,A,A,A,A
A,B,A,A,A,A
A,B,A,A,A,A
A,B,A,A,A,C
A,B,A,A,A,A
A,B,A,A,A,C
A,B,A,A,A,C
A,B,A,A,A,C
A,B,A,A,A,C
A,B,A,A,A,C
A,B,A,A,A,A
A,B,A,A,A,A
A,B,A,A,A,A
A,B,A,A,A,C
A,B,A,A,A,C
A,B,A,A,A,C
A,B,A,A,A,A
A,B,A,A,A,C
A,B,A,A,A,C
A,B,A,A,A,A
A,B,A,A,A,A
A,B,A,A,A,A
A,B,A,A,A,A
A,B,A,A,A,C
A,B,A,A,A,E
A,B,A,A,A,A
A,B,A,A,A,A
A,B,A,A,A,A
A,B,A,A,A,A
A,B,A,A,A,C
A,B,A,A,A,A
A,B,A,A,A,A
A,B,A,A,A,C
A,B,A,A,A,A
A,B,A,A,A,C
A,B,A,A,A,A
A,B,A,A,A,A
A,B,A,A,A,A
A,B,A,A,A,A
A,B,A,A,A,A
A,B,A,A,A,C
A,B,A,A,A,C
A,B,A,A,A,A
A,B,A,A,A,A
A,B,A,A,A,C
A,B,A,A,A,B
A,B,A,A,A,A
A,B,A,A,A,A
A,B,A,A,A,A
A,B,A,A,A,A
A,B,A,A,A,C
A,B,A,A,A,A
A,B,A,A,A,A
A,B,A,A,A,B
A,B,A,A,A,B
A,B,A,A,A,A
A,B,A,A,A,C
A,B,A,A,A,A
A,B,A,A,A,A
A,B,A,A,A,A
A,B,A,A,A,B
A,B,A,A,A,A
A,B,A,A,A,A
A,B,A,A,A,A
A,B,A,A,A,A
A,B,A,A,A,B
A,B,A,A,A,A
A,B,A,A,A,A
A,B,A,A,A,C
A,B,A,A,A,C
A,B,A,A,A,A
A,B,A,A,A,C
A,B,A,A,A,C
A,B,A,A,A,C
A,B,A,A,A,C
A,B,A,A,A,A
A,B,A,A,A,C
A,B,A,A,A,A
A,B,A,A,A,A
A,B,A,A,A,A
A,B,A,A,A,B
A,B,A,A,A,A
A,B,A,A,A,A
A,B,A,A,A,A
A,B,A,A,A,B
A,B,A,A,A,A
A,B,A,A,A,A
A,B,A,A,A,A
A,B,A,A,A,A
A,B,A,A,A,D
A,B,A,A,A,A
A,B,A,A,A,A
A,B,A,A,A,A
A,B,A,A,A,A
A,B,A,A,A,A
A,B,A,A,A,A
A,B,A,A,A,C
A,B,A,A,A,C
A,B,A,A,A,E
A,B,A,A,A,A
A,B,A,A,A,A
A,B,A,A,A,A
A,B,A,A,A,A
A,B,A,A,A,B
A,B,A,A,A,A
A,B,A,A,A,A
A,B,A,A,A,A
A,B,A,A,A,A
A,B,A,A,A,C
A,B,A,A,A,A
A,B,A,A,A,A
A,B,A,A,A,A
A,B,A,A,A,A
A,B,A,A,A,A
A,B,A,A,A,A
A,B,A,A,A,B
A,B,A,A,A,A
A,B,A,A,A,A
A,B,A,A,A,A
A,B,A,A,A,A
A,B,A,A,A,C
A,B,A,A,A,A
A,B,A,A,A,A
A,B,A,A,A,A
A,B,A,A,A,B
A,B,A,A,A,A
A,B,A,A,A,A
A,B,A,A,A,A
A,B,A,A,A,A
A,B,A,A,A,A
A,B,A,A,A,A
A,B,A,A,A,A
A,B,A,A,A,A
A,B,A,A,A,B
A,B,A,A,A,A
A,B,A,A,A,A
A,B,A,A,A,B
A,B,A,A,A,A
A,B,A,A,A,A
A,B,A,A,A,A
A,B,A,A,A,A
A,B,A,A,A,A
A,B,A,A,A,A
A,B,A,A,A,A
A,B,A,A,A,B
A,B,A,A,A,A
A,B,A,A,A,A
A,B,A,A,A,A
A,B,A,A,A,A
A,B,A,A,A,A
A,B,A,A,A,A
A,B,A,A,A,A
A,B,A,A,A,B
A,B,A,A,A,A
A,B,A,A,A,A
A,B,A,A,A,A
A,B,A,A,A,A
A,B,A,A,A,A
A,B,A,A,A,A
A,B,A,A,A,A
A,B,A,A,A,A
A,B,A,A,A,B
A,B,A,A,A,A
A,B,A,A,A,A
A,B,A,A,A,A
A,B,A,A,A,A
A,B,A,A,A,A
A,B,A,A,A,A
A,B,A,A,A,A
A,B,A,A,A,A
A,B,A,A,A,A
A,B,A,A,A,A
A,B,A,A,A,A
A,B,A,A,A,A
A,B,A,A,A,A
A,B,A,A,A,A
A,B,A,A,A,B
A,B,A,A,A,A
A,B,A,A,A,A
A,B,A,A,A,A
A,B,A,A,A,A
A,B,A,A,A,A
A,B,A,A,A,A
A,B,A,A,A,A
A,B,A,A,A,A
A,B,A,A,A,A
A,B,A,A,A,A
A,B,A,A,A,A
A,B,A,A,A,A
A,B,A,A,A,A
A,B,A,A,A,A
A,B,A,A,A,A
A,B,A,A,A,A
A,B,A,A,A,B
A,B,A,A,A,A
A,B,A,A,A,A
A,B,A,A,A,A
A,B,A,A,A,A
A,B,A,A,A,B
A,B,A,A,A,A
A,B,A,A,A,A
A,B,A,A,A,A
A,B,A,A,A,A
A,B,A,A,A,A
A,B,A,A,A,A
A,B,A,A,A,A
A,B,A,A,A,B
A,B,A,A,A,A
A,B,A,A,A,A
A,B,A,A,A,A
A,B,A,A,A,A
A,B,A,A,A,A
A,B,A,A,A,A
A,B,A,A,A,A
A,B,A,A,A,A
A,B,A,A,A,A
A,B,A,A,A,B
A,B,A,A,A,A
A,B,A,A,A,A
A,B,A,A,A,A
A,B,A,A,A,A
A,B,A,A,A,A
A,B,A,A,A,A
A,B,A,A,A,A
A,B,A,A,A,A
A,B,A,A,A,A
A,B,A,A,A,B
A,B,A,A,A,A
A,B,A,A,A,A
A,B,A,A,A,A
A,B,A,A,A,A
A,B,A,A,A,A
A,B,A,A,A,A
A,B,A,A,A,A
A,B,A,A,A,A
A,B,A,A,A,A
A,B,A,A,A,A
A,B,A,A,A,A
A,B,A,A,A,A
A,B,A,A,A,A
A,B,A,A,A,A
A,B,A,A,A,A
A,B,A,A,A,A
A,B,A,A,A,A
A,B,A,A,A,A
A,B,A,A,A,B
A,B,A,A,A,A
A,B,A,A,A,C
A,B,A,A,A,A
A,B,A,A,A,A
A,B,A,A,A,A
A,B,A,A,A,B
A,B,A,A,A,A
A,B,A,A,A,B
A,B,A,A,A,A
A,B,A,A,A,B
A,B,A,A,A,A
A,B,A,A,A,A
A,B,A,A,A,A
A,B,A,A,A,A
A,B,A,A,A,A
A,B,A,A,A,A
A,B,A,A,A,A
A,B,A,A,A,A
A,B,A,A,A,A
A,B,A,A,A,A
A,B,A,A,A,B
A,B,A,A,A,A
A,B,A,A,A,A
A,B,A,A,A,A
A,B,A,A,A,A
A,B,A,A,A,B
A,B,A,A,A,A
A,B,A,A,A,A
A,B,A,A,A,A
A,B,A,A,A,A
A,B,A,A,A,A
A,B,A,A,A,B
A,B,A,A,A,C
A,B,A,A,A,B
A,B,A,A,A,A
A,B,A,A,A,A
A,B,A,A,A,A
A,B,A,A,A,B
A,B,A,A,A,A
A,B,A,A,A,A
A,B,A,A,A,A
A,B,A,A,A,A
A,B,A,A,A,A
A,B,A,A,A,A
A,B,A,A,A,A
A,B,A,A,A,A
A,B,A,A,A,A
A,B,A,A,A,A
A,B,A,A,A,A
A,B,A,A,A,B
A,B,A,A,A,B
A,B,A,A,A,B
A,B,A,A,A,A
A,B,A,A,A,A
A,B,A,A,A,A
A,B,A,A,A,A
A,B,A,A,A,A
A,B,A,A,A,A
A,B,A,A,A,A
A,B,A,A,A,A
A,B,A,A,A,A
A,B,A,A,A,A
A,B,A,A,A,A
A,B,A,A,A,A
A,B,A,A,A,A
A,B,A,A,A,A
A,B,A,A,A,A
A,B,A,A,A,A
A,B,A,A,A,A
A,B,A,A,A,A
A,B,A,A,A,A
A,B,A,A,A,A
A,B,A,A,A,A
A,B,A,A,A,A
A,B,A,A,A,A
A,B,A,A,A,A
A,B,A,A,A,A
A,B,A,A,A,C
A,B,A,A,A,A
A,B,A,A,A,A
A,B,A,A,A,A
A,B,A,A,A,A
A,B,A,A,A,A
A,B,A,A,A,A
A,B,A,A,A,A
A,B,A,A,A,C
A,B,A,A,A,A
A,B,A,A,A,A
A,B,A,A,A,A
A,B,A,A,A,A
A,B,A,A,A,B
A,B,A,A,A,B
A,B,A,A,A,A
A,B,A,A,A,A
A,B,A,A,A,A
A,B,A,A,A,A
A,B,A,A,A,A
A,B,A,A,A,A
A,B,C,A,A,A
A,B,A,A,A,A
A,B,A,A,A,A
A,B,A,A,A,C
A,B,A,A,A,C
A,B,A,A,A,A
A,B,A,A,A,A
A,B,A,A,A,C
A,B,A,A,A,A
A,B,A,A,A,C
A,B,A,A,A,C
A,B,A,A,A,C
A,B,A,A,A,A
A,B,A,A,A,A
A,B,A,A,A,A
A,B,A,A,A,A
A,B,A,A,A,C
A,B,A,A,A,B
A,B,A,A,A,E
A,B,A,A,A,C
A,B,A,A,A,A
A,B,A,A,A,C
A,B,A,A,A,C
A,B,A,A,A,C
A,B,A,A,A,A
A,B,A,A,A,C
A,B,A,A,A,C
A,B,A,A,A,C
A,B,A,A,A,C
A,B,A,A,A,A
A,B,A,A,A,A
A,B,A,A,A,A
A,B,A,A,A,A
A,B,A,A,A,A
A,B,A,A,A,B
A,B,A,A,A,B
A,B,A,A,A,A
A,B,A,A,A,C
A,B,A,A,A,A
A,B,A,A,A,A
A,B,A,A,A,A
A,B,A,A,A,A
A,B,A,A,A,A
A,B,A,A,A,C
A,B,A,A,A,A
A,B,A,A,A,A
A,B,A,A,A,B
A,B,A,A,A,A
A,B,A,A,A,A
A,B,A,A,A,A
A,B,A,A,A,A
A,B,A,A,A,A
A,B,A,A,A,A
A,B,A,A,A,A
A,B,A,A,A,A
A,B,A,A,A,A
A,B,A,A,A,A
A,B,A,A,A,E
A,B,A,A,A,B
A,B,A,A,A,B
A,B,A,A,A,B
A,B,A,A,A,B
A,B,A,A,A,A
A,B,A,A,A,A
A,B,A,A,A,A
A,B,A,A,A,A
A,B,A,A,A,A
A,B,A,A,A,A
A,B,A,A,A,A
A,B,A,A,A,A
A,B,A,A,A,A
A,B,A,A,A,A
A,B,A,A,A,A
A,B,A,A,A,A
A,B,A,A,A,A
A,B,A,A,A,A
A,B,A,A,A,A
A,B,A,A,A,A
A,B,A,A,A,B
A,B,A,A,A,A
A,B,A,A,A,A
A,B,A,A,A,A
A,B,A,A,A,B
A,B,A,A,A,A
A,B,A,A,A,A
A,B,A,A,A,A
A,B,A,A,A,C
A,B,A,A,A,A
A,B,A,A,A,C
A,B,A,A,A,A
A,B,A,A,A,A
A,B,A,A,A,A
A,B,A,A,A,A
A,B,A,A,A,A
A,B,A,A,A,A
A,B,A,A,A,A
A,B,A,A,A,A
A,B,A,A,A,A
A,B,A,A,A,A
A,B,A,A,A,A
A,B,A,A,A,A
A,B,A,A,A,A
A,B,A,A,A,A
A,B,A,A,A,A
A,B,A,A,A,A
A,B,A,A,A,A
A,B,A,A,A,A
A,B,A,A,A,A
A,B,A,A,A,A
A,B,A,A,A,B
A,B,A,A,A,B
A,B,A,A,A,B
A,B,A,A,A,A
A,B,A,A,A,D
A,B,A,A,A,A
A,B,A,A,A,A
A,B,A,A,A,A
A,B,A,A,A,A
A,B,A,A,A,A
A,B,A,A,A,A
A,B,A,A,A,D
A,B,A,A,A,A
A,B,A,A,A,A
A,B,A,A,A,A
A,B,A,A,A,A
A,B,A,A,A,B
A,B,A,A,A,A
A,B,A,A,A,B
A,B,A,A,A,A
A,B,A,A,A,A
A,B,A,A,A,C
A,B,A,A,A,C
A,B,A,A,A,A
A,B,A,A,A,C
A,B,A,A,A,A
A,B,A,A,A,A
A,B,A,A,A,A
A,B,A,A,A,A
A,B,A,A,A,A
A,B,A,A,A,C
A,B,A,A,A,A
A,B,A,A,A,A
A,B,A,A,A,A
A,B,A,A,A,A
A,B,A,A,A,A
A,B,A,A,A,A
A,B,A,A,A,A
A,B,A,A,A,A
A,B,A,A,A,A
A,B,A,A,A,A
A,B,A,A,A,A
A,B,A,A,A,A
A,B,A,A,A,A
A,B,A,A,A,A
A,B,A,A,A,A
A,B,A,A,A,B
A,B,A,A,A,A
A,B,A,A,A,A
A,B,A,A,A,A
A,B,A,A,A,A
A,B,A,A,A,A
A,B,A,A,A,A
A,B,A,A,A,A
A,B,A,A,A,C
A,B,A,A,A,B
A,B,A,A,A,A
A,B,A,A,A,A
A,B,A,A,A,A
A,B,A,A,A,A
A,B,A,A,A,A
A,B,A,A,A,C
A,B,A,A,A,A
A,B,A,A,A,E
A,B,A,A,A,A
A,B,A,A,A,C
A,B,A,A,A,A
A,B,A,A,A,A
A,B,A,A,A,A
A,B,A,A,A,A
A,B,A,A,A,B
A,B,A,A,A,A
A,B,A,A,A,A
A,B,A,A,A,A
A,B,A,A,A,A
A,B,A,A,A,A
A,B,A,A,A,A
A,B,A,A,A,A
A,B,A,A,A,A
A,B,A,A,A,A
A,B,A,A,A,A
A,B,A,A,A,A
A,B,A,A,A,A
A,B,A,A,A,A
A,B,A,A,A,A
A,B,A,A,A,A
A,B,A,A,A,A
A,B,A,A,A,A
A,B,A,A,A,A
A,B,A,A,A,A
A,B,A,A,A,A
A,B,A,A,A,A
A,B,A,A,A,A
A,B,A,A,A,A
A,B,A,A,A,A
A,B,A,A,A,A
A,B,A,A,A,A
A,B,A,A,A,A
A,B,A,A,A,A
A,B,A,A,A,A
A,B,A,A,A,A
A,B,A,A,A,A
A,B,A,A,A,A
A,B,A,A,A,A
A,B,A,A,A,C
A,B,A,A,A,C
A,B,A,A,A,B
A,B,A,A,A,A
A,B,A,A,A,A
A,B,A,A,A,C
A,B,A,A,A,A
A,B,A,A,A,B
A,B,A,A,A,A
A,B,A,A,A,A
A,B,A,A,A,A
A,B,A,A,A,A
A,B,A,A,A,A
A,B,A,A,A,C
A,B,A,A,A,C
A,B,A,A,A,C
A,B,A,A,A,A
A,B,A,A,A,A
A,B,A,A,A,A
A,B,A,A,A,A
A,B,A,A,A,A
A,B,A,A,A,A
A,B,A,A,A,B
A,B,A,A,A,A
A,B,A,A,A,A
A,B,A,A,A,A
A,B,A,A,A,A
A,B,A,A,A,A
A,B,A,A,A,C
A,B,A,A,A,A
A,B,A,A,A,A
A,B,A,A,A,A
A,B,A,A,A,A
A,B,A,A,A,B
A,B,A,A,A,A
A,B,A,A,A,C
A,B,A,A,A,A
A,B,A,A,A,A
A,B,A,A,A,A
A,B,A,A,A,A
A,B,A,A,A,A
A,B,A,A,A,A
A,B,A,A,A,A
A,B,A,A,A,A
A,B,A,A,A,A
A,B,A,A,A,A
A,B,A,A,A,A
A,B,A,A,A,A
A,B,A,A,A,A
A,B,A,A,A,A
A,B,A,A,A,B
A,B,A,A,A,A
A,B,A,A,A,A
A,B,A,A,A,B
A,B,A,A,A,A
A,B,A,A,A,A
A,B,A,A,A,B
A,B,A,A,A,A
A,B,A,A,A,A
A,B,A,A,A,A
A,B,A,A,A,A
A,B,A,A,A,A
A,B,A,A,A,A
A,B,A,A,A,A
A,B,A,A,A,B
A,B,A,A,A,A
A,B,A,A,A,A
A,B,A,A,A,B
A,B,A,A,A,A
A,B,A,A,A,A
A,B,A,A,A,C
A,B,A,A,A,C
A,B,A,A,A,A
A,B,A,A,A,B
A,B,A,A,A,A
A,B,A,A,A,A
A,B,A,A,A,B
A,B,A,A,A,A
A,B,A,A,A,A
A,B,A,A,A,A
A,B,A,A,A,A
A,B,A,A,A,A
A,B,A,A,A,A
A,B,A,A,A,B
A,B,A,A,A,A
A,B,A,A,A,B
A,B,A,A,A,A
A,B,A,A,A,A
A,B,A,A,A,C
A,B,A,A,A,A
A,B,A,A,A,B
A,B,A,A,A,A
A,B,A,A,A,A
A,B,A,A,A,B
A,B,A,A,A,A
A,B,A,A,A,A
A,B,A,A,A,A
A,B,A,A,A,A
A,B,A,A,A,A
A,B,A,A,A,A
A,B,A,A,A,A
A,B,A,A,A,A
A,B,A,A,A,A
A,B,A,A,A,A
A,B,A,A,A,A
A,B,A,A,A,A
A,B,A,A,A,B
A,B,A,A,A,B
A,B,A,A,A,A
A,B,A,A,A,A
A,B,A,A,A,A
A,B,A,A,A,A
A,B,A,A,A,A
A,B,A,A,A,A
A,B,A,A,A,A
A,B,A,A,A,A
A,B,A,A,A,A
A,B,A,A,A,A
A,B,A,A,A,A
A,B,A,A,A,A
A,B,A,A,A,A
A,B,A,A,A,A
A,B,A,A,A,A
A,B,A,A,A,A
A,B,A,A,A,A
A,B,A,A,A,B
A,B,A,A,A,A
A,B,A,A,A,A
A,B,A,A,A,A
A,B,A,A,A,A
A,B,A,A,A,D
A,B,A,A,A,A
A,B,A,A,A,A
A,B,A,A,A,A
A,B,A,A,A,A
A,B,A,A,A,A
A,B,A,A,A,A
A,B,A,A,A,A
A,B,A,A,A,A
A,B,A,A,A,C
A,B,A,A,A,C
A,B,A,A,A,A
A,B,A,A,A,C
A,B,A,A,A,C
A,B,A,A,A,A
A,B,A,A,A,A
A,B,A,A,A,A
A,B,A,A,A,A
A,B,A,A,A,B
A,B,A,A,A,A
A,B,A,A,A,B
A,B,A,A,A,A
A,B,A,A,A,A
A,B,A,A,A,A
A,B,A,A,A,A
A,B,A,A,A,A
A,B,A,A,A,A
A,B,A,A,A,A
A,B,A,A,A,A
A,B,A,A,A,A
A,B,A,A,A,A
A,B,A,A,A,A
A,B,A,A,A,A
A,B,A,A,A,A
A,B,A,A,A,A
A,B,A,A,A,A
A,B,A,A,A,A
A,B,A,A,A,A
A,B,A,A,A,A
A,B,A,A,A,C
A,B,A,A,A,C
A,B,A,A,A,C
A,B,A,A,A,C
A,B,A,A,A,A
A,B,A,A,A,A
A,B,A,A,A,C
A,B,A,A,A,A
A,B,A,A,A,A
A,A,A,C,A,A
A,B,A,A,A,C
A,B,A,A,A,A
A,B,A,A,A,C
A,B,A,A,A,C
A,B,A,A,A,C
A,B,A,A,A,A
A,B,A,A,A,A
A,B,A,A,A,A
A,B,A,A,A,C
A,B,A,A,A,A
A,B,A,A,A,C
A,B,A,A,A,B
A,B,A,A,A,A
A,B,A,A,A,A
A,B,A,A,A,A
A,B,A,A,A,B
A,B,A,A,A,C
A,B,A,A,A,A
A,B,A,A,A,C
A,B,A,A,A,C
A,B,A,A,A,A
A,B,A,A,A,A
A,B,A,A,A,A
A,B,A,A,A,C
A,B,A,A,A,C
A,B,A,A,A,A
A,B,A,A,A,F
A,B,A,A,A,A
A,B,A,A,A,C
A,B,A,A,A,C
A,B,A,A,A,C
A,B,A,A,A,A
A,B,A,A,A,A
A,B,A,A,A,A
A,B,A,A,A,B
A,B,A,A,A,A
A,B,A,A,A,A
A,B,A,A,A,B
A,B,A,A,A,C
A,B,A,A,A,C
A,B,A,A,A,A
A,B,A,A,A,C
A,B,A,A,A,A
A,B,A,A,A,A
A,B,A,A,A,A
A,B,A,A,A,A
A,B,A,A,A,B
A,B,A,A,A,A
A,B,A,A,A,A
A,B,A,A,A,C
A,B,A,A,A,A
A,B,A,A,A,A
A,B,A,A,A,A
A,B,A,A,A,A
A,B,A,A,A,A
A,B,A,A,A,A
A,B,A,A,A,A
A,B,A,A,A,A
A,B,A,A,A,A
A,B,A,A,A,B
A,B,A,A,A,A
A,B,A,A,A,A
A,B,A,A,A,A
A,B,A,A,A,A
A,B,A,A,A,A
A,B,A,A,A,A
A,B,A,A,A,A
A,B,A,A,A,A
A,B,A,A,A,C
A,B,A,A,A,A
A,B,A,A,A,A
A,B,A,A,A,A
A,B,A,A,A,B
A,B,A,A,A,C
A,B,A,A,A,C
A,B,A,A,A,C
A,B,A,A,A,A
A,B,A,A,A,A
A,B,A,A,A,B
A,B,A,A,A,A
A,B,A,A,A,A
A,B,A,A,A,A
A,B,A,A,A,B
A,B,A,A,A,A
A,B,A,A,A,C
A,B,A,A,A,C
A,B,A,A,A,B
A,B,A,A,A,A
A,B,A,A,A,C
A,B,A,A,A,A
A,B,A,A,A,A
A,B,A,A,A,A
A,B,A,A,A,A
A,B,A,A,A,A
A,B,A,A,A,C
A,B,A,A,A,C
A,B,A,A,A,B
A,B,A,A,A,A
A,B,A,A,A,C
A,B,A,A,A,A
A,B,A,A,A,A
A,B,A,A,A,A
A,B,A,A,A,A
A,B,A,A,A,A
A,B,A,A,A,B
A,B,A,A,A,A
A,B,A,A,A,A
A,B,A,A,A,C
A,B,A,A,A,A
A,B,A,A,A,A
A,B,A,A,A,A
A,B,A,A,A,A
A,B,A,A,A,A
A,B,A,A,A,A
A,B,A,A,A,A
A,B,A,A,A,A
A,B,A,A,A,A
A,B,A,A,A,A
A,B,A,A,A,A
A,B,A,A,A,B
A,B,A,A,A,A
A,B,A,A,A,A
A,B,A,A,A,A
A,B,A,A,A,A
A,B,A,A,A,A
A,B,A,A,A,A
A,B,A,A,A,A
A,B,A,A,A,A
A,B,A,A,A,A
A,B,A,A,A,A
A,B,A,A,A,A
A,B,A,A,A,B
A,B,A,A,A,A
A,B,A,A,A,A
A,B,A,A,A,A
A,B,A,A,A,A
A,B,A,A,A,A
A,B,A,A,A,C
A,B,A,A,A,A
A,B,A,A,A,A
A,B,A,A,A,A
A,B,A,A,A,A
A,B,A,A,A,C
A,B,A,A,A,A
A,B,A,A,A,A
A,B,A,A,A,A
A,B,A,A,A,A
A,B,A,A,A,A
A,B,A,A,A,A
A,B,A,A,A,A
A,B,A,A,A,A
A,B,A,A,A,A
A,B,A,A,A,A
A,B,A,A,A,A
A,B,A,A,A,A
A,B,A,A,A,A
A,B,A,A,A,A
A,B,A,A,A,A
A,B,A,A,A,A
A,B,A,A,A,A
A,B,A,A,A,A
A,B,A,A,A,A
A,B,A,A,A,A
A,B,A,A,A,B
A,B,A,A,A,A
A,B,A,A,A,A
A,B,A,A,A,B
A,B,A,A,A,A
A,B,A,A,A,A
A,B,A,A,A,A
A,B,A,A,A,A
A,B,A,A,A,A
A,B,A,A,A,A
A,B,A,A,A,A
A,B,A,A,A,A
A,B,A,A,A,A
A,B,A,A,A,A
A,B,A,A,A,A
A,B,A,A,A,A
A,B,A,A,A,A
A,B,A,A,A,A
A,B,A,A,A,B
A,B,A,A,A,A
A,B,A,A,A,A
A,B,A,A,A,A
A,B,A,A,A,C
A,B,A,A,A,B
A,B,A,A,A,A
A,B,A,A,A,A
A,B,A,A,A,A
A,B,A,A,A,A
A,B,A,A,A,A
A,B,A,A,A,A
A,B,A,A,A,A
A,B,A,A,A,A
A,B,A,A,A,A
A,B,A,A,A,A
A,B,A,A,A,A
A,B,A,A,A,A
A,B,A,A,A,A
A,B,A,A,A,A
A,B,A,A,A,A
A,B,A,A,A,A
A,B,A,A,A,A
A,B,A,A,A,B
A,B,A,A,A,A
A,B,A,A,A,A
A,B,A,A,A,A
A,B,A,A,A,A
A,B,A,A,A,A
A,B,A,A,A,A
A,B,A,A,A,A
A,B,A,A,A,A
A,B,A,A,A,A
A,B,A,A,A,A
A,B,A,A,A,A
A,B,A,A,A,A
A,B,A,A,A,A
A,B,A,A,A,A
A,B,A,A,A,A
A,B,A,A,A,D
A,B,A,A,A,A
A,B,A,A,A,A
A,B,A,A,A,A
A,B,A,A,A,A
A,B,A,A,A,B
A,B,A,A,A,A
A,B,A,A,A,A
A,B,A,A,A,A
A,B,A,A,A,B
A,B,A,A,A,A
A,B,A,A,A,A
A,B,A,A,A,A
A,B,A,A,A,A
A,B,A,A,A,A
A,B,A,A,A,A
A,B,A,A,A,A
A,B,A,A,A,A
A,B,A,A,A,A
A,B,A,A,A,A
A,B,A,A,A,A
A,B,A,A,A,A
A,B,A,A,A,A
A,B,A,A,A,A
A,B,A,A,A,A
A,B,A,A,A,A
A,B,A,A,A,D
A,B,A,A,A,A
A,B,A,A,A,A
A,B,A,A,A,A
A,B,A,A,A,A
A,B,A,A,A,A
A,B,A,A,A,A
A,B,A,A,A,A
A,B,A,A,A,B
A,B,A,A,A,A
A,B,A,A,A,A
A,B,A,A,A,B
A,B,A,A,A,A
A,B,A,A,A,A
A,B,A,A,A,A
A,B,A,A,A,A
A,B,A,A,A,A
A,B,A,A,A,A
A,B,A,A,A,A
A,B,A,A,A,A
A,B,A,A,A,A
A,B,A,A,A,A
A,B,A,A,A,B
A,B,A,A,A,A
A,B,A,A,A,A
A,B,A,A,A,B
A,B,A,A,A,B
A,B,A,A,A,A
A,B,A,A,A,C
A,B,A,A,A,A
A,B,A,A,A,A
A,B,A,A,A,B
A,B,A,A,A,A
A,B,A,A,A,A
A,B,A,A,A,A
A,B,A,A,A,A
A,B,A,A,A,A
A,B,A,A,A,A
A,B,A,A,A,A
A,B,A,A,A,A
A,B,A,A,A,A
A,B,A,A,A,A
A,B,A,A,A,A
A,B,A,A,A,A
A,B,A,A,A,B
A,B,A,A,A,A
A,B,A,A,A,C
A,B,A,A,A,A
A,B,A,A,A,A
A,B,A,A,A,A
A,B,A,A,A,B
A,B,A,A,A,A
A,B,A,A,A,A
A,B,A,A,A,A
A,B,A,A,A,A
A,B,A,A,A,A
A,B,A,A,A,A
A,B,A,A,A,B
A,B,A,A,A,B
A,B,A,A,A,B
A,B,D,A,A,A
A,B,A,A,A,A
A,B,A,A,A,A
A,B,A,A,A,A
A,B,A,A,A,A
A,B,A,A,A,A
A,B,A,A,A,B
D,B,A,A,D,B
A,B,A,A,A,C
A,B,A,A,A,A
A,D,A,A,A,B
A,B,A,A,A,A
A,B,A,A,A,C
A,B,A,A,A,C
A,B,A,A,A,A
A,B,A,A,A,C
A,B,A,A,A,C
A,B,A,A,A,A
A,B,A,A,A,A
A,B,A,A,A,A
A,B,A,A,A,A
A,B,A,A,A,A
A,B,A,A,A,A
A,B,A,A,A,A
A,B,A,A,A,C
A,B,A,A,A,A
A,B,A,A,A,A
A,B,A,A,A,A
A,B,A,A,A,A
A,B,A,A,A,A
A,B,A,A,A,A
A,B,A,A,A,A
A,B,A,A,A,A
A,B,A,A,A,A
A,B,A,A,A,C
A,B,A,A,A,C
A,B,A,A,A,C
A,B,A,A,A,C
A,B,A,A,A,C
A,B,A,A,A,C
A,B,A,A,A,A
A,B,A,A,A,A
A,B,A,A,A,A
A,B,A,A,A,A
A,B,A,A,A,A
A,B,A,A,A,A
A,B,A,A,A,A
A,B,A,A,A,C
A,B,A,A,A,A
A,B,A,A,A,C
A,B,A,A,A,C
A,B,A,A,A,A
A,B,A,A,A,A
A,B,A,A,A,A
A,B,A,A,A,C
A,B,A,A,A,C
A,B,A,A,A,C
A,B,A,A,A,A
A,B,A,A,A,A
A,B,A,A,A,A
A,B,A,A,A,A
A,B,A,A,A,A
A,B,A,A,A,A
A,B,A,A,A,B
A,B,A,A,A,A
A,B,A,A,A,B
A,B,A,A,A,A
A,B,A,A,A,A
A,B,A,A,A,A
A,B,A,A,A,A
A,B,A,A,A,A
A,B,A,A,A,A
A,B,A,A,A,B
A,B,A,A,A,A
A,B,A,A,A,A
A,B,A,A,A,C
A,B,A,A,A,A
A,B,A,A,A,A
A,B,A,A,A,B
A,B,A,A,A,A
A,B,A,A,A,A
A,B,A,A,A,A
A,B,A,A,A,A
A,B,A,A,A,A
A,B,A,A,A,A
A,B,A,A,A,B
A,B,A,A,A,A
A,B,A,A,A,A
A,B,A,A,A,A
A,B,A,A,A,A
A,B,A,A,A,A
A,B,A,A,A,C
A,B,A,A,A,A
A,B,A,A,A,A
A,B,A,A,A,A
A,B,A,A,A,A
A,B,A,A,A,C
A,B,A,A,A,B
A,B,A,A,A,A
A,B,A,A,A,B
A,B,A,A,A,A
A,B,A,A,A,A
A,B,A,A,A,A
A,B,A,A,A,A
A,B,A,A,A,A
A,B,A,A,A,A
A,B,A,A,A,A
A,B,A,A,A,A
A,B,A,A,A,A
A,B,A,A,A,A
A,B,A,A,A,A
A,B,A,A,A,A
A,B,A,A,A,A
A,B,A,A,A,A
A,B,A,A,A,A
A,B,A,A,A,A
A,B,A,A,A,A
A,B,A,A,A,A
A,B,A,A,A,C
A,B,A,A,A,A
A,B,A,A,A,A
A,B,A,A,A,B
A,B,A,A,A,A
A,B,A,A,A,A
A,B,A,A,A,C
A,B,A,A,A,C
A,B,A,A,A,C
A,B,A,A,A,A
A,B,A,A,A,A
A,B,A,A,A,F
A,B,A,A,A,A
A,B,A,A,A,C
A,B,A,A,A,A
A,B,A,A,A,A
A,B,A,A,A,A
A,B,A,A,A,C
A,B,A,A,A,C
A,B,A,A,A,A
A,B,A,A,A,A
A,B,A,A,A,C
A,B,A,A,A,C
A,B,A,A,A,A
A,B,A,A,A,C
A,B,A,A,A,C
A,B,A,A,A,C
A,B,A,A,A,A
A,B,A,A,A,A
A,B,A,A,A,C
A,B,A,A,A,A
A,B,A,A,A,A
A,B,A,A,A,A
A,B,A,A,A,A
A,B,A,A,A,C
A,B,A,A,A,A
A,B,A,A,A,A
A,B,A,A,A,C
A,B,A,A,A,A
A,B,A,A,A,C
A,B,A,A,A,B
A,B,A,A,A,C
A,B,A,A,A,A
A,B,A,A,A,A
A,B,A,A,A,A
A,B,A,A,A,A
A,B,A,A,A,A
A,B,A,A,A,A
A,B,A,A,A,A
A,B,A,A,A,A
A,B,A,A,A,C
A,B,A,A,A,C
A,B,A,A,A,A
A,B,A,A,A,A
A,B,A,A,A,A
A,B,A,A,A,C
A,B,A,A,A,C
A,B,A,A,A,A
A,B,A,A,A,A
A,B,A,A,A,A
A,B,A,A,A,A
A,B,A,A,A,A
A,B,A,A,A,A
A,B,A,A,A,A
A,B,A,A,A,A
A,B,A,A,A,A
A,B,A,A,A,A
A,B,A,A,A,A
A,B,A,A,A,A
A,B,A,A,A,A
A,B,A,A,A,C
A,B,A,A,A,A
A,B,A,A,A,B
A,B,A,A,A,A
A,B,A,A,A,A
A,B,A,A,A,A
A,B,A,A,A,A
A,B,A,A,A,A
A,B,A,A,A,A
A,B,A,A,A,A
A,B,A,A,A,A
A,B,A,A,A,B
A,B,A,A,A,A
A,B,A,A,A,A
A,B,A,A,A,A
A,B,A,A,A,A
A,B,A,A,A,A
A,B,A,A,A,B
A,B,A,A,A,B
A,B,A,A,A,A
A,B,A,A,A,A
A,B,A,A,A,A
A,B,A,A,A,A
A,B,A,A,A,A
A,B,A,A,A,A
A,B,A,A,A,A
A,B,A,A,A,A
A,B,A,A,A,A
A,B,A,A,A,A
A,B,A,A,A,A
A,B,A,A,A,A
A,B,A,A,A,A
A,B,A,A,A,A
A,B,A,A,A,A
A,B,A,A,A,A
A,B,A,A,A,A
A,B,A,A,A,A
A,B,A,A,A,A
A,B,A,A,A,A
A,B,A,A,A,A
A,B,A,A,A,A
A,B,A,A,A,A
A,B,A,A,A,C
A,B,A,A,A,C
A,B,A,A,A,B
A,B,A,A,A,A
A,B,A,A,A,A
A,B,A,A,A,C
A,B,A,A,A,C
A,B,A,A,A,A
A,B,A,A,A,C
A,B,A,A,A,C
A,B,A,A,A,B
A,B,A,A,A,A
A,B,A,A,A,A
A,B,A,A,A,B
A,B,A,A,A,A
A,B,A,A,A,A
A,B,A,A,A,C
A,B,A,A,A,A
A,B,A,A,A,A
A,B,A,A,A,A
A,B,A,A,A,A
A,B,A,A,A,A
A,B,A,A,A,A
A,B,A,A,A,A
A,B,A,A,A,A
A,B,A,A,A,A
A,B,A,A,A,A
A,B,A,A,A,A
A,B,A,A,A,A
A,B,A,A,A,A
A,B,A,A,A,A
A,B,A,A,A,A
A,B,A,A,A,A
A,B,A,A,A,A
A,B,A,A,A,A
A,B,A,A,A,A
A,B,A,A,A,A
A,B,A,A,A,A
A,B,A,A,A,A
A,B,A,A,A,A
A,B,A,A,A,A
A,B,A,A,A,A
A,B,A,A,A,A
A,B,A,A,A,A
A,B,A,A,A,A
A,B,A,A,A,A
A,B,A,A,A,A
A,B,A,A,A,A
A,B,A,A,A,A
A,B,A,A,A,A
A,B,A,A,A,A
A,B,A,A,A,A
A,B,A,A,A,A
A,B,A,A,A,A
A,B,A,A,A,A
A,B,A,A,A,A
A,B,A,A,A,A
A,B,A,A,A,A
A,B,A,A,A,A
A,B,A,A,A,A
A,B,A,A,A,A
A,B,A,A,A,A
A,B,A,A,A,A
A,B,A,A,A,A
A,B,A,A,A,A
A,B,A,A,A,A
A,B,A,A,A,A
A,B,A,A,A,A
A,B,A,A,A,A
A,B,A,A,A,A
A,B,A,A,A,A
A,B,A,A,A,A
A,B,A,A,A,A
A,B,A,A,A,A
A,B,A,A,A,B
A,B,A,A,A,A
A,B,A,A,A,A
A,B,A,A,A,A
A,B,A,A,A,A
A,B,A,A,A,A
A,B,A,A,A,A
A,B,A,A,A,A
A,B,A,A,A,A
A,B,A,A,A,A
A,B,A,A,A,A
A,B,A,A,A,A
A,B,A,A,A,B
A,B,A,A,A,A
A,B,A,A,A,A
A,B,A,A,A,A
A,B,A,A,A,B
A,B,A,A,A,A
A,B,A,A,A,A
A,B,A,A,A,A
A,B,A,A,A,A
A,B,A,A,A,A
A,B,A,A,A,B
A,B,A,A,A,A
A,B,A,A,A,A
A,B,A,A,A,A
A,B,A,A,A,A
A,B,A,A,A,A
A,B,A,A,A,A
A,B,A,A,A,A
A,B,A,A,A,A
A,B,A,A,A,A
A,B,A,A,A,A
A,B,A,A,A,A
A,B,A,A,A,A
A,B,A,A,A,C
A,B,A,A,A,C
A,B,A,A,A,C
A,B,A,A,A,C
A,B,A,A,A,A
A,B,A,A,A,A
A,B,A,A,A,C
A,B,A,A,A,C
A,B,A,A,A,B
A,B,A,A,A,A
A,B,A,A,A,C
A,B,A,A,A,C
A,B,A,A,A,B
A,B,A,A,A,C
A,B,A,A,A,C
A,B,A,A,A,C
A,B,A,A,A,A
A,B,A,A,A,A
A,B,A,A,A,C
A,B,A,A,A,C
A,B,A,A,A,C
A,B,A,A,A,A
A,B,A,A,A,A
A,B,A,A,A,C
A,B,A,A,A,A
A,B,A,A,A,C
A,B,A,A,A,C
A,B,A,A,A,A
A,B,A,A,A,A
A,B,A,A,A,A
A,B,A,A,A,A
A,B,A,A,A,C
A,B,A,A,A,A
A,B,A,A,A,A
A,B,A,A,A,A
A,B,A,A,A,A
A,B,A,A,A,C
A,B,A,A,A,A
A,B,A,A,A,A
A,B,A,A,A,A
A,B,A,A,A,A
A,B,A,A,A,A
A,B,A,A,A,A
A,B,A,A,A,A
A,B,A,A,A,A
A,B,A,A,A,A
A,B,A,A,A,A
A,B,A,A,A,A
A,B,A,A,A,A
A,B,A,A,A,A
A,B,A,A,A,A
A,B,A,A,A,A
A,B,A,A,A,A
A,B,A,A,A,A
A,B,A,A,A,A
A,B,A,A,A,A
A,B,A,A,A,B
A,B,A,A,A,A
A,B,A,A,A,A
A,B,A,A,A,A
A,B,A,A,A,A
A,B,A,A,A,A
A,B,A,A,A,A
A,B,A,A,A,B
A,B,A,A,A,A
A,B,A,A,A,A
A,B,A,A,A,A
A,B,A,A,A,B
A,B,A,A,A,A
A,B,A,A,A,A
A,B,A,A,A,A
A,B,A,A,A,A
A,B,A,A,A,A
A,B,A,A,A,A
A,B,A,A,A,A
A,B,A,A,A,A
A,B,A,A,A,A
A,B,A,A,A,B
A,B,A,A,A,A
A,B,A,A,A,A
A,B,A,A,A,A
A,B,A,A,A,C
A,B,A,A,A,A
A,B,A,A,A,A
A,B,A,A,A,A
A,B,A,A,A,A
A,B,A,A,A,A
A,B,A,A,A,A
A,B,A,A,A,A
A,B,A,A,A,A
A,B,A,A,A,A
A,B,A,A,A,A
A,B,A,A,A,A
A,B,A,A,A,A
A,B,A,A,A,A
A,B,A,A,A,A
A,B,A,A,A,B
A,B,A,A,A,A
A,B,A,A,A,A
A,B,A,A,A,A
A,B,A,A,A,A
A,B,A,A,A,C
A,B,A,A,A,B
A,B,A,A,A,A
A,B,A,A,A,A
A,B,A,A,A,A
A,B,A,A,A,A
A,B,A,A,A,A
A,B,A,A,A,B
A,B,A,A,A,A
A,B,A,A,A,A
A,B,A,A,A,B
A,B,A,A,A,A
A,B,A,A,A,A
A,B,A,A,A,A
A,B,A,A,A,A
A,B,A,A,A,A
A,B,A,A,A,A
A,B,A,A,A,A
A,B,A,A,A,A
A,B,A,A,A,B
A,B,A,A,A,A
A,B,A,A,A,B
A,B,A,A,A,A
A,B,A,A,A,A
A,B,A,A,A,A
A,B,A,A,A,A
A,B,A,A,A,B
A,B,A,A,A,A
A,B,A,A,A,A
A,B,A,A,A,B
A,B,A,A,A,A
A,B,A,A,A,A
A,A,A,A,A,B
A,B,A,A,A,B
A,B,A,A,A,A
A,B,A,A,A,B
A,B,A,A,A,A
A,B,A,A,A,B
A,B,A,A,A,D
A,B,A,A,A,C
A,B,A,A,A,A
A,B,A,A,A,A
A,B,A,A,A,A
A,B,A,A,A,A
A,B,A,A,A,C
A,B,A,A,A,C
A,B,A,A,A,C
A,B,A,A,A,C
A,B,A,A,A,C
A,B,A,A,A,C
A,B,A,A,A,C
A,B,A,A,A,A
A,B,A,A,A,A
A,B,A,A,A,A
A,B,A,A,A,A
A,B,A,A,A,A
A,B,A,A,A,A
A,B,A,A,A,A
A,B,A,A,A,A
A,B,A,A,A,A
A,B,A,A,A,A
A,B,A,A,A,C
A,B,A,A,A,C
A,B,A,A,A,A
A,B,A,A,A,A
A,B,A,A,A,A
A,B,A,A,A,A
A,B,A,A,A,A
A,B,A,A,A,A
A,B,A,A,A,A
A,B,A,A,A,A
A,B,A,A,A,B
A,B,A,A,A,A
A,B,A,A,A,A
A,B,A,A,A,A
A,B,A,A,A,A
A,B,A,A,A,A
A,B,A,A,A,A
A,B,A,A,A,A
A,B,A,A,A,A
A,B,A,A,A,A
A,B,A,A,A,A
A,B,A,A,A,A
A,B,A,A,A,A
A,B,A,A,A,A
A,B,A,A,A,A
A,B,A,A,A,A
A,B,A,A,A,A
A,B,A,A,A,A
A,B,A,A,A,A
A,B,A,A,A,A
A,B,A,A,A,B
A,B,A,A,A,A
A,B,A,A,A,A
A,B,A,A,A,A
A,B,A,A,A,A
A,B,A,A,A,A
A,B,A,A,A,A
A,B,A,A,A,A
A,B,A,A,A,A
A,B,A,A,A,A
A,B,A,A,A,A
A,B,A,A,A,A
A,B,A,A,A,A
A,B,A,A,A,A
A,B,A,A,A,C
A,B,A,A,A,A
A,B,A,A,A,A
A,B,A,A,A,A
A,B,A,A,A,A
A,B,A,A,A,A
A,B,A,A,A,A
A,B,A,A,A,A
A,B,A,A,A,A
A,B,A,A,A,A
A,B,A,A,A,D
A,B,A,A,A,A
A,B,A,A,A,A
A,B,A,A,A,A
A,B,A,A,A,A
A,B,A,A,A,A
A,B,A,A,A,A
A,B,A,A,A,A
A,B,A,A,A,A
A,B,A,A,A,A
A,B,A,A,A,A
A,B,A,A,A,A
A,B,A,A,A,A
A,B,A,A,A,A
A,B,A,A,A,B
A,B,A,A,A,A
A,B,A,A,A,A
A,B,A,A,A,B
A,B,A,A,A,A
A,B,A,A,A,A
A,B,A,A,A,A
A,B,A,A,A,A
A,B,A,A,A,A
A,B,A,A,A,A
A,B,A,A,A,B
A,B,A,A,A,A
A,B,A,A,A,C
A,B,A,A,A,A
A,B,A,A,A,A
A,B,A,A,A,A
A,B,A,A,A,A
A,B,A,A,A,C
A,B,A,A,A,A
A,B,A,A,A,A
A,B,A,A,A,A
A,B,A,A,A,A
A,B,A,A,A,A
A,B,A,A,A,A
A,B,A,A,A,A
A,B,A,A,A,A
A,B,A,A,A,C
A,B,A,A,A,C
A,B,A,A,A,A
A,B,A,A,A,C
A,B,A,A,A,A
A,B,A,A,A,A
A,B,A,A,A,C
A,B,A,A,A,A
A,B,A,A,A,A
A,B,A,A,A,A
A,B,A,A,A,A
A,B,A,A,A,A
A,B,A,A,A,A
A,B,A,A,A,A
A,B,A,A,A,A
A,B,A,A,A,A
A,B,A,A,A,B
A,B,A,A,A,A
A,B,A,A,A,A
A,B,A,A,A,B
A,B,A,A,A,C
A,B,A,A,A,A
A,B,A,A,A,A
A,B,A,A,A,A
A,B,A,A,A,A
A,B,A,A,A,C
A,B,A,A,A,B
A,B,A,A,A,A
A,B,A,A,A,A
A,B,A,A,A,A
A,B,A,A,A,A
A,B,A,A,A,B
A,B,A,A,A,A
A,B,A,A,A,A
A,B,A,A,A,D
A,B,A,A,A,A
A,B,A,A,A,A
A,B,A,A,A,A
A,B,A,A,A,B
A,B,A,A,A,A
A,B,A,A,A,B
A,B,A,A,A,A
A,B,A,A,A,A
A,B,A,A,A,A
A,B,A,A,A,A
A,B,A,A,A,B
A,B,A,A,A,A
A,B,A,A,A,A
A,B,A,A,A,A
A,B,A,A,A,A
A,B,A,A,A,A
A,B,A,A,A,A
A,B,A,A,A,A
A,B,A,A,A,A
A,B,A,A,A,A
A,B,A,A,A,A
A,B,A,A,A,A
A,B,A,A,A,A
A,B,A,A,A,A
A,B,A,A,A,A
A,B,A,A,A,A
A,B,A,A,A,A
A,B,A,A,A,A
A,B,A,A,A,A
A,B,A,A,A,A
A,B,A,A,A,A
A,B,A,A,A,A
A,B,A,A,A,A
A,B,A,A,A,A
A,B,A,A,A,A
A,B,A,A,A,A
A,B,A,A,A,A
A,B,A,A,A,A
A,B,A,A,A,B
A,B,A,A,A,A
A,B,A,A,A,A
A,B,A,A,A,B
A,B,A,A,A,A
A,B,A,A,A,A
A,B,A,A,A,A
A,B,A,A,A,A
A,B,A,A,A,A
A,B,A,A,A,A
A,B,A,A,A,A
A,B,A,A,A,A
A,B,A,A,A,A
A,B,A,A,A,A
A,B,A,A,A,B
A,B,A,A,A,A
A,B,A,A,A,A
A,B,A,A,A,B
A,B,A,A,A,A
A,A,A,A,A,B
A,B,A,A,A,A
A,B,A,A,A,A
A,B,A,A,A,A
A,B,A,A,A,A
A,B,A,A,A,A
A,B,A,A,A,A
A,B,A,A,A,A
A,B,A,A,A,A
A,B,A,A,A,A
A,B,A,A,A,A
A,B,A,A,A,A
A,B,A,A,A,A
A,B,A,A,A,B
A,B,A,A,A,A
A,B,A,A,A,B
A,B,A,A,A,A
A,B,A,A,A,A
A,B,A,A,A,B
A,B,A,A,A,A
A,B,A,A,A,A
A,B,A,A,A,A
A,B,A,A,A,A
A,B,A,A,A,A
A,B,A,A,A,B
A,B,A,A,A,A
A,B,A,A,A,A
A,B,A,A,A,A
A,B,A,A,A,A
A,B,A,A,A,B
A,B,A,A,A,A
A,B,A,A,A,A
A,B,A,A,A,B
A,B,A,A,A,B
A,B,A,A,A,B
A,B,A,A,A,B
A,B,A,A,A,A
A,B,A,A,A,A
A,B,A,A,A,B
A,B,A,A,A,A
A,B,A,A,A,A
A,B,A,A,A,A
A,B,A,A,A,A
A,B,A,A,A,A
A,B,A,A,A,A
A,B,A,A,A,A
A,B,A,A,A,B
A,B,A,A,A,A
A,B,A,A,A,A
A,B,A,A,A,A
A,B,A,A,A,C
A,B,A,A,A,C
A,B,A,A,A,A
A,B,A,A,A,A
A,B,A,A,A,C
A,B,A,A,A,A
A,B,A,A,A,B
A,B,A,A,A,A
A,B,A,A,A,A
A,B,A,A,A,A
A,B,A,A,A,A
A,B,A,A,A,A
A,B,A,A,A,A
A,B,A,A,A,A
A,B,A,A,A,A
A,B,A,A,A,A
A,B,A,A,A,B
A,B,A,A,A,A
A,B,A,A,A,A
A,B,A,A,A,B
A,B,A,A,A,A
A,A,A,A,A,A
A,B,A,A,A,A
A,B,A,A,A,A
A,B,A,A,A,A
A,B,A,A,A,A
A,B,A,A,A,A
A,B,A,A,A,A
A,B,A,A,A,A
A,B,A,A,A,A
A,B,A,A,A,A
A,B,A,A,A,A
A,B,A,A,A,A
A,B,A,A,A,A
A,B,A,A,A,A
A,B,A,A,A,A
A,B,A,A,A,A
A,B,A,A,A,A
A,B,A,A,A,A
A,B,A,A,A,A
A,B,A,A,A,A
A,B,A,A,A,B
A,B,A,A,A,A
A,B,A,A,A,A
A,B,A,A,A,A
A,B,A,A,A,A
A,B,A,A,A,A
A,B,A,A,A,A
A,B,A,A,A,A
A,B,A,A,A,A
A,B,A,A,A,A
A,B,A,A,A,B
A,B,A,A,A,A
A,B,A,A,A,A
A,B,A,A,A,A
A,B,A,A,A,A
A,B,A,A,A,A
A,B,A,A,A,A
A,B,A,A,A,B
A,B,A,A,A,B
A,B,A,A,A,A
A,B,A,A,A,D
A,B,A,A,A,A
A,B,A,A,A,A
A,B,A,A,A,A
A,B,A,A,A,A
A,B,A,A,A,A
A,B,A,A,A,A
A,B,A,A,A,A
A,B,A,A,A,A
A,B,A,A,A,B
A,B,A,A,A,A
A,B,A,A,A,A
A,B,A,A,A,A
A,B,A,A,A,A
A,B,A,A,A,A
A,B,A,A,A,A
A,B,A,A,A,A
A,B,A,A,A,A
A,B,A,A,A,A
A,B,A,A,A,A
A,B,A,A,A,A
A,B,A,A,A,A
A,B,A,A,A,A
A,B,A,A,A,B
A,B,A,A,A,A
A,B,A,A,A,B
A,B,A,A,A,B
A,B,A,A,A,B
A,B,A,A,A,A
A,B,A,A,A,B
A,B,A,A,A,A
A,B,A,A,A,A
A,B,A,A,A,B
A,B,A,A,A,A
A,B,A,A,A,A
A,B,A,A,A,B
A,B,A,A,A,A
A,B,A,A,A,A
A,B,A,A,A,B
A,B,A,A,A,B
A,B,A,A,A,A
A,B,A,A,A,A
A,B,A,A,A,A
A,B,A,A,A,A
A,B,A,A,A,A
A,B,A,A,A,A
A,B,A,A,A,B
A,B,A,A,A,A
A,B,A,A,A,A
A,B,A,A,A,A
A,B,A,A,A,A
A,B,A,A,A,A
A,B,A,A,A,A
A,B,A,A,A,A
A,B,A,A,A,A
A,B,A,A,A,A
A,B,A,A,A,B
A,B,A,A,A,A
A,B,A,A,A,B
A,B,A,A,A,A
A,B,A,A,A,A
A,B,A,A,A,A
A,B,A,A,A,C
A,B,A,A,A,A
A,B,A,A,A,A
A,B,A,A,A,A
A,B,A,A,A,A
A,B,A,A,A,A
A,B,A,A,A,A
A,B,A,A,A,A
A,B,A,A,A,A
A,B,A,A,A,A
A,B,A,A,A,A
A,B,A,A,A,A
A,B,A,A,A,A
A,B,A,A,A,A
A,B,A,A,A,A
A,B,A,A,A,A
A,B,A,A,A,A
A,B,A,A,A,B
A,B,A,A,A,A
A,B,A,A,A,A
A,B,A,A,A,C
A,B,A,A,A,A
A,B,A,A,A,A
A,B,A,A,A,A
A,B,A,A,A,A
A,B,A,A,A,A
A,B,A,A,A,B
A,B,A,A,A,A
A,B,A,A,A,A
A,B,A,A,A,A
A,B,A,A,A,A
A,B,A,A,A,A
A,B,A,A,A,A
A,B,A,A,A,C
A,B,A,A,A,C
A,B,A,A,A,A
A,B,A,A,A,A
A,B,A,A,A,A
A,B,A,A,A,A
A,B,A,A,A,B
A,B,A,A,A,A
A,B,A,A,A,A
A,B,A,A,A,A
A,B,A,A,A,C
A,B,A,A,A,A
A,B,A,A,A,A
A,B,A,A,A,B
A,B,A,A,A,B
A,B,A,A,A,A
A,B,A,A,A,A
A,B,A,A,A,B
A,B,A,A,A,B
A,B,A,A,A,A
A,B,A,A,A,A
A,B,A,A,A,A
A,B,A,A,A,A
A,B,A,A,A,A
A,B,A,A,A,A
A,B,A,A,A,A
A,B,A,A,A,A
A,B,A,A,A,C
A,B,A,A,A,A
A,B,A,A,A,A
A,B,A,A,A,A
A,B,A,A,A,A
A,B,A,A,A,A
A,B,A,A,A,A
A,B,A,A,A,A
A,B,A,A,A,A
A,B,A,A,A,A
A,B,A,A,A,A
A,B,A,A,A,A
A,B,A,A,A,A
A,B,A,A,A,A
A,B,A,A,A,B
A,B,A,A,A,B
A,B,A,A,A,A
A,B,A,A,A,B
A,B,A,A,A,A
A,B,A,A,A,A
A,B,A,A,A,A
A,B,A,A,A,A
A,B,A,A,A,A
A,B,A,A,A,A
A,B,A,A,A,A
A,B,A,A,A,A
A,B,A,A,A,A
A,B,A,A,A,A
A,B,A,A,A,A
A,B,A,A,A,A
A,B,A,A,A,A
A,B,A,A,A,A
A,B,A,A,A,A
A,B,A,A,A,A
A,B,A,A,A,A
A,B,A,A,A,A
A,B,A,A,A,A
A,B,A,A,A,A
A,B,A,A,A,A
A,B,A,A,A,A
A,B,A,A,A,A
A,B,A,A,A,A
A,B,A,A,A,A
A,B,A,A,A,A
A,B,A,A,A,A
A,B,A,A,A,A
A,B,A,A,A,A
A,B,A,A,A,A
A,B,A,A,A,A
A,B,A,A,A,A
A,B,A,A,A,A
A,B,A,A,A,A
A,B,A,A,A,C
A,B,A,A,A,A
A,B,A,A,A,A
A,B,A,A,A,A
A,B,A,A,A,A
A,B,A,A,A,A
A,B,A,A,A,A
A,B,A,A,A,A
A,B,A,A,A,A
A,B,A,A,A,A
A,B,A,A,A,B
A,B,A,A,A,A
A,B,A,A,A,A
A,B,A,A,A,A
A,B,A,A,A,A
A,B,A,A,A,A
A,B,A,A,A,A
A,B,A,A,A,B
A,B,A,A,A,A
A,B,A,A,A,A
A,B,A,A,A,A
A,B,A,A,A,B
A,B,A,A,A,B
A,B,A,A,A,A
A,B,A,A,A,A
A,B,A,A,A,A
A,B,A,A,A,C
A,B,A,A,A,A
A,B,A,A,A,A
A,B,A,A,A,A
A,B,A,A,A,A
A,B,A,A,A,A
A,B,A,A,A,A
A,B,A,A,A,A
A,B,A,A,A,A
A,B,A,A,A,A
A,B,A,A,A,A
A,B,A,A,A,A
A,B,A,A,A,B
A,B,A,A,A,B
A,B,A,A,A,A
A,B,A,A,A,A
A,B,A,A,A,A
A,B,A,A,A,A
A,B,A,A,A,A
A,B,A,A,A,A
A,B,A,A,A,A
A,B,A,A,A,A
A,B,A,A,A,B
A,B,A,A,A,A
A,B,A,A,A,A
A,B,A,A,A,A
A,B,A,A,A,B
A,B,A,A,A,C
A,B,A,A,A,A
A,B,A,A,A,A
A,B,A,A,A,A
A,B,A,A,A,A
A,B,A,A,A,A
A,B,A,A,A,A
A,B,A,A,A,A
A,B,A,A,A,A
A,B,A,A,A,A
A,B,A,A,A,A
A,B,A,A,A,A
A,B,A,A,A,A
A,B,A,A,A,A
A,B,A,A,A,A
A,B,A,A,A,B
A,B,A,A,A,A
A,B,A,A,A,B
A,B,A,A,A,B
A,B,A,A,A,A
A,B,A,A,A,A
A,B,A,A,A,A
A,B,A,A,A,B
A,B,A,A,A,A
A,B,A,A,A,A
A,B,A,A,A,A
A,B,A,A,A,A
A,B,A,A,A,A
A,B,A,A,A,A
A,B,A,A,A,A
A,B,A,A,A,A
A,B,A,A,A,A
A,B,A,A,A,B
A,B,A,A,A,A
A,B,A,A,A,A
A,B,A,A,A,A
A,B,A,A,A,A
A,B,A,A,A,A
A,B,A,A,A,A
A,B,A,A,A,B
A,B,A,A,A,B
A,B,A,A,A,B
A,B,A,A,A,B
A,B,A,A,A,B
A,B,A,A,A,A
A,B,A,A,A,B
A,B,A,A,A,A
A,B,A,A,A,A
A,B,A,A,A,A
A,B,A,A,A,A
A,B,A,A,A,A
A,B,A,A,A,A
A,B,A,A,A,B
A,B,A,A,A,A
A,B,A,A,A,B
A,B,A,A,A,A
A,B,A,A,A,A
A,B,A,A,A,A
A,B,A,A,A,A
A,B,A,A,A,A
A,B,A,A,A,A
A,B,A,A,A,A
A,B,A,A,A,D
A,B,A,A,A,A
A,B,A,A,A,A
A,B,A,A,A,A
A,B,A,A,A,B
A,B,A,A,A,A
A,B,A,A,A,A
A,B,A,A,A,A
A,B,A,A,A,B
A,B,A,A,A,A
A,B,A,A,A,B
A,B,A,A,A,C
A,B,A,A,A,A
A,B,A,A,A,A
A,B,A,A,A,A
A,B,A,A,A,A
A,B,A,A,A,A
A,B,A,A,A,A
A,B,A,A,A,B
A,B,A,A,A,A
A,B,A,A,A,A
A,B,A,A,A,A
A,B,A,A,A,A
A,B,A,A,A,A
A,B,A,A,A,B
A,B,A,A,A,A
A,B,A,A,A,A
A,B,A,A,A,A
A,B,A,A,A,A
A,B,A,A,A,B
A,B,A,A,A,A
A,B,A,A,A,A
A,B,A,A,A,D
A,B,A,A,A,A
A,B,A,A,A,A
A,B,A,A,A,A
A,B,A,A,A,A
A,B,A,A,A,A
A,B,A,A,A,B
A,B,A,A,A,A
A,B,A,A,A,B
A,B,A,A,A,A
A,B,A,A,A,B
A,B,A,A,A,A
A,B,A,A,A,B
A,B,A,A,A,A
A,B,A,A,A,B
A,B,A,A,A,C
A,B,A,A,A,A
A,B,A,A,A,A
A,B,A,A,A,B
A,B,A,A,A,B
A,B,A,A,A,A
A,B,A,A,A,B
A,B,A,A,A,A
A,B,A,A,A,A
A,B,A,A,A,A
A,B,A,A,A,A
A,B,A,A,A,A
A,B,A,A,A,B
A,B,A,A,A,A
A,B,A,A,A,A
A,B,A,A,A,A
A,B,A,A,A,A
A,B,A,A,A,A
A,B,A,A,A,A
A,B,A,A,A,C
A,B,A,A,A,C
A,B,A,A,A,A
A,B,A,A,A,B
A,B,A,A,A,A
A,B,A,A,A,C
A,B,A,A,A,A
A,B,A,A,A,A
A,B,A,A,A,A
A,B,A,A,A,B
A,B,A,A,A,A
A,B,A,A,A,A
A,B,A,A,A,B
A,B,A,A,A,A
A,B,A,A,A,B
A,B,A,A,A,A
A,B,A,A,A,A
A,B,A,A,A,A
A,B,A,A,A,C
A,B,A,A,A,A
A,B,A,A,A,A
A,B,A,A,A,A
A,B,A,A,A,A
A,B,A,A,A,A
A,B,A,A,A,A
A,B,A,A,A,A
A,B,A,A,A,B
A,B,A,A,A,A
A,B,A,A,A,B
A,B,A,A,A,A
A,B,A,A,A,A
A,B,A,A,A,A
A,B,A,A,A,A
A,B,A,A,A,B
A,B,A,A,A,A
A,B,A,A,A,B
A,B,A,A,A,A
A,B,A,A,A,B
A,B,A,A,A,B
A,B,A,A,A,A
A,B,A,A,A,A
A,B,A,A,A,A
A,B,A,A,A,A
A,B,A,A,A,A
A,B,A,A,A,A
A,B,A,A,A,A
A,B,A,A,A,B
A,B,A,A,A,A
A,B,A,A,A,A
A,B,A,A,A,A
A,B,A,A,A,A
A,B,A,A,A,B
A,B,A,A,A,A
A,B,A,A,A,B
A,B,A,A,A,A
A,B,A,A,A,A
A,B,A,A,A,A
A,B,A,A,A,A
A,B,A,A,A,A
A,B,A,A,A,A
A,B,A,A,A,A
A,B,A,A,A,A
A,B,A,A,A,A
A,B,A,A,A,A
A,B,A,A,A,B
A,B,A,A,A,A
A,B,A,A,A,A
A,B,A,A,A,A
A,B,A,A,A,A
A,B,A,A,A,B
A,B,A,A,A,A
A,B,A,A,A,B
A,B,A,A,A,A
A,B,A,A,A,A
A,B,A,A,A,A
A,B,A,A,A,A
A,B,A,A,A,A
A,B,A,A,A,A
A,B,A,A,A,A
A,B,A,A,A,C
A,B,A,A,A,A
A,B,A,A,A,A
A,B,A,A,A,A
A,B,A,A,A,A
A,B,A,A,A,A
A,B,A,A,A,A
A,B,A,A,A,A
A,B,A,A,A,C
A,B,A,A,A,B
A,B,A,A,A,C
A,B,A,A,A,A
A,B,A,A,A,A
A,B,A,A,A,B
A,B,A,A,A,A
A,B,A,A,A,A
A,B,A,A,A,B
A,B,A,A,A,B
A,B,A,A,A,B
A,B,A,A,A,B
A,B,A,A,A,A
A,B,A,A,A,B
A,B,A,A,A,A
A,B,A,A,A,A
A,B,A,A,A,B
A,B,A,A,A,A
A,B,A,A,A,A
A,B,A,A,A,A
A,B,A,A,A,A
A,B,A,A,A,A
A,B,A,A,A,A
A,B,A,A,A,A
A,B,A,A,A,A
A,B,A,A,A,A
A,B,A,A,A,A
A,B,A,A,A,A
A,B,A,A,A,B
A,B,A,A,A,A
A,B,A,A,A,B
A,B,A,A,A,A
A,B,A,A,A,A
A,B,A,A,A,A
A,B,A,A,A,B
A,B,A,A,A,A
A,B,A,A,A,A
A,B,A,A,A,B
A,B,A,A,A,A
A,B,A,A,A,A
A,B,A,A,A,B
A,B,A,A,A,A
A,B,A,A,A,A
A,B,A,A,A,A
A,B,A,A,A,A
A,B,A,A,A,A
A,B,A,A,A,C
A,B,A,A,A,A
A,B,A,A,A,A
A,B,A,A,A,A
A,B,A,A,A,B
A,B,A,A,A,A
A,B,A,A,A,A
A,B,A,A,A,A
A,B,A,A,A,B
A,B,A,A,A,A
A,B,A,A,A,A
A,B,B,A,A,B
A,B,A,A,A,C
A,B,A,A,A,A
A,B,A,A,A,A
A,B,A,A,A,B
A,B,A,A,A,B
A,B,A,A,A,A
A,B,A,A,A,A
A,B,A,A,A,A
A,B,A,A,A,A
A,B,A,A,A,B
A,B,A,A,A,B
A,B,A,A,A,A
A,B,A,A,A,A
A,B,A,A,A,A
A,B,A,A,A,A
A,B,A,A,A,A
A,B,A,A,A,B
A,B,A,A,A,A
A,B,A,A,A,A
A,B,A,A,A,A
A,B,A,A,A,A
A,B,A,A,A,A
A,B,A,A,A,B
A,B,A,A,A,A
A,B,A,A,A,A
A,B,A,A,A,A
A,B,A,A,A,A
A,B,A,A,A,A
A,B,A,A,A,A
A,B,A,A,A,A
A,B,A,A,A,A
A,B,A,A,A,A
A,B,A,A,A,A
A,B,A,A,A,A
A,B,A,A,A,A
A,B,A,A,A,A
A,B,A,A,A,B
A,B,A,A,A,A
A,B,A,A,A,A
A,B,A,A,A,A
A,B,A,A,A,C
A,B,A,A,A,C
A,B,A,A,A,B
A,B,A,A,A,A
A,B,A,A,A,A
A,B,A,A,A,A
A,B,A,A,A,A
A,B,A,A,A,A
A,B,A,A,A,C
A,B,A,A,A,A
A,B,A,A,A,A
A,B,A,A,A,A
A,B,A,A,A,A
A,B,A,A,A,A
A,B,A,A,A,A
A,B,A,A,A,A
A,B,A,A,A,A
A,B,A,A,A,A
A,B,A,A,A,A
A,B,A,A,A,A
A,B,A,A,A,A
A,B,A,A,A,A
A,B,A,A,A,A
A,B,A,A,A,A
A,B,A,A,A,A
A,B,A,A,A,A
A,B,A,A,A,A
A,B,A,A,A,A
A,B,A,A,A,A
A,B,A,A,A,B
A,B,A,A,A,A
A,B,A,A,A,B
A,B,A,A,A,A
A,B,A,A,A,A
A,B,A,A,A,A
A,B,A,A,A,A
A,B,A,A,A,A
A,B,A,A,A,A
A,B,A,A,A,B
A,B,A,A,A,A
A,B,A,A,A,A
A,B,A,A,A,A
A,B,A,A,A,A
A,B,A,A,A,A
A,B,A,A,A,A
A,B,A,A,A,A
A,B,A,A,A,A
A,B,A,A,A,A
A,B,A,A,A,B
A,B,A,A,A,B
A,B,A,A,A,A
A,B,A,A,A,A
A,B,A,A,A,A
A,B,A,A,A,A
A,B,A,A,A,A
A,B,A,A,A,A
A,B,A,A,A,A
A,B,A,A,A,B
A,B,A,A,A,A
A,B,A,A,A,A
A,B,A,A,A,A
A,B,A,A,A,B
A,B,A,A,A,A
A,B,A,A,A,A
A,B,A,A,A,A
A,B,A,A,A,A
A,B,A,A,A,D
A,B,A,A,A,A
A,B,A,A,A,A
A,B,A,A,A,A
A,B,A,A,A,A
A,B,A,A,A,A
A,B,A,A,A,A
A,B,A,A,A,D
A,B,A,A,A,D
A,B,A,A,A,A
A,B,A,A,A,A
A,B,A,A,A,A
A,B,A,A,A,A
A,B,A,A,A,A
A,B,A,A,A,A
A,B,A,A,A,A
A,B,A,A,A,A
A,B,A,A,A,A
A,B,A,A,A,A
A,B,A,A,A,A
A,B,A,A,A,A
A,B,A,A,A,C
A,B,A,A,A,A
A,B,A,A,A,A
A,B,A,A,A,A
A,B,A,A,A,A
A,B,A,A,A,A
A,B,A,A,A,A
A,B,A,A,A,C
A,B,A,A,A,A
A,B,A,A,A,A
A,B,A,A,A,A
A,B,A,A,A,A
A,B,A,A,A,B
A,B,A,A,A,C
A,B,A,A,A,A
A,B,A,A,A,A
A,B,A,A,A,A
A,B,A,A,A,A
A,B,A,A,A,A
A,B,A,A,A,A
A,B,A,A,A,C
A,B,A,A,A,A
A,B,A,A,A,A
A,B,A,A,A,A
A,B,A,A,A,A
A,B,A,A,A,A
A,B,A,A,A,A
A,B,A,A,A,A
A,B,A,A,A,B
A,B,A,A,A,A
A,B,A,A,A,C
A,B,A,A,A,C
A,B,A,A,A,C
A,B,A,A,A,A
A,B,A,A,A,B
A,B,A,A,A,C
A,B,A,A,A,C
A,B,A,A,A,A
A,B,A,A,A,C
A,B,A,A,A,A
A,B,A,A,A,C
A,B,A,A,A,A
A,B,A,A,A,C
A,B,A,A,A,A
A,B,A,A,A,A
A,B,A,A,A,A
A,B,A,A,A,A
A,B,A,A,A,A
A,B,A,A,A,A
A,B,A,A,A,A
A,B,A,A,A,A
A,B,A,A,A,A
A,B,A,A,A,A
A,B,A,A,A,C
A,B,A,A,A,A
A,B,A,A,A,A
A,B,A,A,A,C
A,B,A,A,A,A
A,B,A,A,A,C
A,B,A,A,A,C
A,B,A,A,A,C
A,B,A,A,A,C
A,B,A,A,A,B
A,B,A,A,A,A
A,B,A,A,A,A
A,B,A,A,A,A
A,B,A,A,A,A
A,B,A,A,A,C
A,B,A,A,A,A
A,B,A,A,A,B
A,B,A,A,A,A
A,B,A,A,A,A
A,B,A,A,A,A
A,B,A,A,A,A
A,B,A,A,A,A
A,B,A,A,A,A
A,B,A,A,A,A
A,B,A,A,A,A
A,B,A,A,A,A
A,B,A,A,A,A
A,B,A,A,A,A
A,B,A,A,A,C
A,B,A,A,A,A
A,B,A,A,A,A
A,B,A,A,A,A
A,B,A,A,A,A
A,B,A,A,A,A
A,B,A,A,A,A
A,B,A,A,A,A
A,B,A,A,A,B
A,B,A,A,A,B
A,B,A,A,A,A
A,B,A,A,A,A
A,B,A,A,A,A
A,B,A,A,A,A
A,B,A,A,A,A
A,B,A,A,A,A
A,B,A,A,A,A
A,B,A,A,A,A
A,B,A,A,A,A
A,B,A,A,A,A
A,B,A,A,A,A
A,B,A,A,A,A
A,B,A,A,A,A
A,B,A,A,A,A
A,B,A,A,A,A
A,B,A,A,A,A
A,B,A,A,A,A
A,B,A,A,A,A
A,B,A,A,A,A
A,B,A,A,A,B
A,B,A,A,A,B
A,B,A,A,A,A
A,B,A,A,A,C
A,B,A,A,A,C
A,B,A,A,A,B
A,B,A,A,A,A
A,B,A,A,A,A
A,B,A,A,A,A
A,B,A,A,A,A
A,B,A,A,A,A
A,B,A,A,A,B
A,B,A,A,A,A
A,B,A,A,A,A
A,B,A,A,A,A
A,B,A,A,A,A
A,B,A,A,A,C
A,B,A,A,A,A
A,B,A,A,A,A
A,B,A,A,A,C
A,B,A,A,A,A
A,B,A,A,A,A
A,B,A,A,A,A
A,B,A,A,A,F
A,B,A,A,A,A
A,B,A,A,A,A
A,B,A,A,A,A
A,B,A,A,A,A
A,B,A,A,A,B
A,B,A,A,A,A
A,B,A,A,A,B
A,B,A,A,A,A
A,B,A,A,A,A
A,B,A,A,A,B
A,B,A,A,A,A
A,B,A,A,A,A
A,B,A,A,A,B
A,B,A,A,A,A
A,B,A,A,A,A
A,B,A,A,A,F
A,B,A,A,A,A
A,B,A,A,A,A
A,B,A,A,A,A
A,B,A,A,A,B
A,B,A,A,A,A
A,B,A,A,A,A
A,B,A,A,A,F
A,B,A,A,A,A
A,B,A,A,A,A
A,B,A,A,A,B
A,B,A,A,A,A
A,B,A,A,A,A
A,B,A,A,A,A
A,B,A,A,A,B
A,B,A,A,A,A
A,B,A,A,A,A
A,B,A,A,A,A
A,B,A,A,A,A
A,B,A,A,A,A
A,B,A,A,A,A
A,B,A,A,A,A
A,B,A,A,A,A
A,B,A,A,A,B
A,B,A,A,A,A
A,B,A,A,A,A
A,B,A,A,A,A
A,B,A,A,A,A
A,B,A,A,A,A
A,B,A,A,A,A
A,B,A,A,A,A
A,B,A,A,A,A
A,B,A,A,A,A
A,B,A,A,A,A
A,B,A,A,A,A
A,B,A,A,A,A
A,B,A,A,A,A
A,B,A,A,A,A
A,B,A,A,A,A
A,B,A,A,A,A
A,B,A,A,A,A
A,B,A,A,A,A
A,B,A,A,A,A
A,B,A,A,A,A
A,B,A,A,A,A
A,B,A,A,A,A
A,B,A,A,A,A
A,B,A,A,A,B
A,B,A,A,A,A
A,B,A,A,A,A
A,B,A,A,A,A
A,B,A,A,A,C
A,B,A,A,A,A
A,B,A,A,A,A
A,B,A,A,A,A
A,B,A,A,A,A
A,B,A,A,A,A
A,B,A,A,A,A
A,B,A,A,A,C
A,B,A,A,A,A
A,B,A,A,A,C
A,B,A,A,A,A
A,B,A,A,A,A
A,B,A,A,A,A
A,B,A,A,A,A
A,B,A,A,A,B
A,B,A,A,A,A
A,B,A,A,A,B
A,B,A,A,A,A
A,B,A,A,A,A
A,B,A,A,A,A
A,B,A,A,A,A
A,B,A,A,A,A
A,B,A,A,A,A
A,B,A,A,A,A
A,B,A,A,A,A
A,B,A,A,A,B
A,B,A,A,A,A
A,B,A,A,A,A
A,B,A,A,A,A
A,B,A,A,A,A
A,B,A,A,A,A
A,B,A,A,A,A
A,B,A,A,A,A
A,B,A,A,A,A
A,B,A,A,A,A
A,B,A,A,A,A
A,B,A,A,A,A
A,B,A,A,A,B
A,B,A,A,A,A
A,B,A,A,A,A
A,B,A,A,A,B
A,B,A,A,A,A
A,B,A,A,A,A
A,B,A,A,A,A
A,B,A,A,A,A
A,B,A,A,A,A
A,B,A,A,A,A
A,B,A,A,A,A
A,B,A,A,A,A
A,B,A,A,A,A
A,B,A,A,A,A
A,B,A,A,A,A
A,B,A,A,A,A
A,B,A,A,A,A
A,B,A,A,A,B
A,B,A,A,A,A
A,B,A,A,A,A
A,B,A,A,A,A
A,B,A,A,A,A
A,B,A,A,A,A
A,B,A,A,A,A
A,B,A,A,A,B
A,B,A,A,A,A
A,B,A,A,A,A
A,B,A,A,A,A
A,B,A,A,A,A
A,B,A,A,A,A
A,B,A,A,A,A
A,B,A,A,A,A
A,B,A,A,A,A
A,B,A,A,A,A
A,B,A,A,A,A
A,B,A,A,A,B
A,B,A,A,A,B
A,B,A,A,A,A
A,B,A,A,A,A
A,B,A,A,A,A
A,B,A,A,A,A
A,B,A,A,A,A
A,B,A,A,A,B
A,B,A,A,A,A
A,B,A,A,A,A
A,B,A,A,A,A
A,B,A,A,A,A
A,B,A,A,A,A
A,B,A,A,A,A
A,B,A,A,A,A
A,B,A,A,A,A
A,B,A,A,A,A
A,B,A,A,A,A
A,B,A,A,A,A
A,B,A,A,A,A
A,B,A,A,A,A
A,B,A,A,A,A
A,B,A,A,A,A
A,B,A,A,A,A
A,B,A,A,A,A
A,B,A,A,A,A
A,B,A,A,A,A
A,B,A,A,A,D
A,B,A,A,A,A
A,B,A,A,A,A
A,B,A,A,A,A
A,B,A,A,A,A
A,B,A,A,A,A
A,B,A,A,A,A
A,B,A,A,A,A
A,B,A,A,A,A
A,B,A,A,A,C
A,B,A,A,A,C
A,B,A,A,A,C
A,B,A,A,A,B
A,B,A,A,A,C
A,B,A,A,A,A
A,B,A,A,A,A
A,B,A,A,A,B
A,B,A,A,A,A
A,B,A,A,A,A
A,B,A,A,A,A
A,B,A,A,A,A
A,B,A,A,A,C
A,B,A,A,A,C
A,B,A,A,A,A
A,B,A,A,A,A
A,B,A,A,A,A
A,B,A,A,A,A
A,B,A,A,A,A
A,B,A,A,A,A
A,B,A,A,A,A
A,B,A,A,A,C
A,B,A,A,A,A
A,B,A,A,A,A
A,B,A,A,A,A
A,B,A,A,A,A
A,B,A,A,A,B
A,B,A,A,A,A
A,B,A,A,A,C
A,B,A,A,A,C
A,B,A,A,A,C
A,B,A,A,A,C
A,B,A,A,A,A
A,B,A,A,A,A
A,B,A,A,A,C
A,B,A,A,A,A
A,B,A,A,A,C
A,B,A,A,A,C
A,B,A,A,A,B
A,B,A,A,A,C
A,B,A,A,A,A
A,B,A,A,A,A
A,B,A,A,A,A
A,B,A,A,A,B
A,B,A,A,A,C
A,B,A,A,A,A
A,B,A,A,A,A
A,B,A,A,A,B
A,B,A,A,A,A
A,B,A,A,A,B
A,B,A,A,A,B
A,B,A,A,A,C
A,B,A,A,A,A
A,B,A,A,A,A
A,B,A,A,A,A
A,B,A,A,A,A
A,B,A,A,A,A
A,B,A,A,A,A
A,B,A,A,A,A
A,B,A,A,A,A
A,B,A,A,A,A
A,B,A,A,A,A
A,B,A,A,A,A
A,B,A,A,A,A
A,B,A,A,A,C
A,B,A,A,A,A
A,B,A,A,A,A
A,B,A,A,A,A
A,B,A,A,A,A
A,B,A,A,A,B
A,B,A,A,A,A
A,B,A,A,A,A
A,B,A,A,A,C
A,B,A,A,A,C
A,B,A,A,A,A
A,B,A,A,A,A
A,B,A,A,A,A
A,B,A,A,A,A
A,B,A,A,A,A
A,B,A,A,A,A
A,B,A,A,A,B
A,B,A,A,A,A
A,B,A,A,A,C
A,B,A,A,A,A
A,B,A,A,A,A
A,B,A,A,A,C
A,B,A,A,A,C
A,B,A,A,A,A
A,B,A,A,A,A
A,B,A,A,A,A
A,B,A,A,A,A
A,B,A,A,A,A
A,B,A,A,A,A
A,B,A,A,A,B
A,B,A,A,A,C
A,B,A,A,A,A
A,B,A,A,A,A
A,B,A,A,A,A
A,B,A,A,A,A
A,B,A,A,A,A
A,B,A,A,A,A
A,B,A,A,A,A
A,B,A,A,A,B
A,B,A,A,A,A
A,B,A,A,A,A
A,B,A,A,A,A
A,B,A,A,A,A
A,B,A,A,A,A
A,B,A,A,A,A
A,B,A,A,A,A
A,B,A,A,A,A
A,B,A,A,A,A
A,B,A,A,A,A
A,B,A,A,A,A
A,B,A,A,A,A
A,B,A,A,A,A
A,B,A,A,A,A
A,B,A,A,A,A
A,B,A,A,A,A
A,B,A,A,A,A
A,B,A,A,A,A
A,B,A,A,A,A
A,B,A,A,A,A
A,B,A,A,A,A
A,B,A,A,A,A
A,B,A,A,A,A
A,B,A,A,A,A
A,B,A,A,A,A
A,B,A,A,A,A
A,B,A,A,A,A
A,B,A,A,A,A
A,B,A,A,A,B
A,B,A,A,A,A
A,B,A,A,A,A
A,B,A,A,A,A
A,B,A,A,A,B
A,B,A,A,A,A
A,B,A,A,A,A
A,B,A,A,A,A
A,B,A,A,A,A
A,B,A,A,A,A
A,B,A,A,A,A
A,B,A,A,A,A
A,B,A,A,A,A
A,B,A,A,A,B
A,B,A,A,A,A
A,B,A,A,A,A
A,B,A,A,A,A
A,B,A,A,A,A
A,B,A,A,A,A
A,B,A,A,A,A
A,B,A,A,A,A
A,B,A,A,A,C
A,B,A,A,A,A
A,B,A,A,A,A
A,B,A,A,A,A
A,B,A,A,A,C
A,B,A,A,A,A
A,B,A,A,A,A
A,B,A,A,A,A
A,B,A,A,A,A
A,B,A,A,A,A
A,B,A,A,A,A
A,B,A,A,A,A
A,B,A,A,A,A
A,B,A,A,A,B
A,B,A,A,A,A
A,B,A,A,A,A
A,B,A,A,A,A
A,B,A,A,A,A
A,B,A,A,A,A
A,B,A,A,A,A
A,B,A,A,A,A
A,B,A,A,A,A
A,B,A,A,A,A
A,B,A,A,A,A
A,B,A,A,A,A
A,B,A,A,A,C
A,B,A,A,A,C
A,B,A,A,A,A
A,B,A,A,A,A
A,B,A,A,A,C
A,B,A,A,A,B
A,B,A,A,A,A
A,B,A,A,A,C
A,B,A,A,A,A
A,B,A,A,A,C
A,B,A,A,A,A
A,B,A,A,A,B
A,B,A,A,A,A
A,B,A,A,A,A
A,B,A,A,A,A
A,B,A,A,A,A
A,B,A,A,A,B
A,B,A,A,A,A
A,B,A,A,A,B
A,B,A,A,A,A
A,B,A,A,A,A
A,B,A,A,A,A
A,B,A,A,A,A
A,B,A,A,A,A
A,B,A,A,A,A
A,B,A,A,A,A
A,B,A,A,A,A
A,B,A,A,A,B
A,B,A,A,A,A
A,B,A,A,A,A
A,B,A,A,A,B
A,B,A,A,A,A
A,B,A,A,A,A
A,B,A,A,A,A
A,B,A,A,A,A
A,B,A,A,A,B
A,B,A,A,A,B
A,B,A,A,A,C
A,B,A,A,A,C
A,B,A,A,A,A
A,B,A,A,A,A
A,B,A,A,A,A
A,B,A,A,A,A
A,B,A,A,A,A
A,B,A,A,A,A
A,B,A,A,A,A
A,B,A,A,A,A
A,B,A,A,A,A
A,B,A,A,A,A
A,B,A,A,A,A
A,B,A,A,A,A
A,B,A,A,A,A
A,B,A,A,A,A
A,B,A,A,A,A
A,B,A,A,A,A
A,B,A,A,A,B
A,B,A,A,A,A
A,B,A,A,A,B
A,B,A,A,A,B
A,B,A,A,A,A
A,B,A,A,A,B
A,B,A,A,A,A
A,B,A,A,A,A
A,B,A,A,A,A
A,B,A,A,A,A
A,B,A,A,A,C
A,B,A,A,A,A
A,B,A,A,A,A
A,B,A,A,A,A
A,B,A,A,A,A
A,B,A,A,A,C
A,B,A,A,A,A
A,B,A,A,A,A
A,B,A,A,A,A
A,B,A,A,A,C
A,B,A,A,A,C
A,B,A,A,A,C
A,B,A,A,A,C
A,B,A,A,A,C
A,B,A,A,A,C
A,B,A,A,A,B
A,B,A,A,A,C
A,B,A,A,A,A
A,B,A,A,A,B
A,B,A,A,A,C
A,B,A,A,A,A
A,B,A,A,A,A
A,B,A,A,A,A
A,B,A,A,A,A
A,B,A,A,A,C
A,B,A,A,A,A
A,B,A,A,A,B
A,B,A,A,A,A
A,B,A,A,A,A
A,B,A,A,A,A
A,B,A,A,A,A
A,B,A,A,A,B
A,B,A,A,A,B
A,B,A,A,A,A
A,B,A,A,A,A
A,B,A,A,A,A
A,B,A,A,A,A
A,B,A,A,A,B
A,B,A,A,A,A
A,B,A,A,A,B
A,B,A,A,A,B
A,B,A,A,A,C
A,B,A,A,A,A
A,B,A,A,A,B
A,B,A,A,A,A
A,B,A,A,A,A
A,B,A,A,A,B
A,B,A,A,A,A
A,B,A,A,A,A
A,B,A,A,A,A
A,B,A,A,A,A
A,B,A,A,A,A
A,B,A,A,A,A
A,B,A,A,A,B
A,B,A,A,A,A
A,B,A,A,A,A
A,B,A,A,A,A
A,B,A,A,A,B
A,B,A,A,A,A
A,B,A,A,A,A
A,B,A,A,A,A
A,B,A,A,A,A
A,B,A,A,A,B
A,B,A,A,A,A
A,B,A,A,A,A
A,B,A,A,A,A
A,B,A,A,A,A
A,B,A,A,A,A
A,B,A,A,A,A
A,B,A,A,A,A
A,B,A,A,A,A
A,B,A,A,A,A
A,B,A,A,A,B
A,B,A,A,A,B
A,B,A,A,A,B
A,B,A,A,A,A
A,B,A,A,A,A
A,B,A,A,A,A
A,B,A,A,A,A
A,B,A,A,A,A
A,B,A,A,A,A
A,B,A,A,A,A
A,B,A,A,A,B
A,B,A,A,A,A
A,B,A,A,A,A
A,B,A,A,A,A
A,B,A,A,A,A
A,B,A,A,A,A
A,B,A,A,A,A
A,B,A,A,A,A
A,B,A,A,A,A
A,B,A,A,A,A
A,B,A,A,A,A
A,B,A,A,A,A
A,B,A,A,A,A
A,B,A,A,A,A
A,B,A,A,A,A
A,B,A,A,A,A
A,B,A,A,A,A
A,B,A,A,A,A
A,B,A,A,A,A
A,B,A,A,A,A
A,B,A,A,A,A
A,B,A,A,A,A
A,B,A,A,A,A
A,B,A,A,A,A
A,B,A,A,A,A
A,B,A,A,A,A
A,B,A,A,A,A
A,B,A,A,A,A
A,B,A,A,A,A
A,B,A,A,A,A
A,B,A,A,A,A
A,B,A,A,A,A
A,B,A,A,A,A
A,B,A,A,A,A
A,B,A,A,A,A
A,B,A,A,A,B
A,B,A,A,A,D
A,B,A,A,A,D
A,B,A,A,A,A
A,B,A,A,A,D
A,B,A,A,A,D
A,B,A,A,A,D
A,B,A,A,A,A
A,B,A,A,A,A
A,B,A,A,A,A
A,B,A,A,A,D
A,B,A,A,A,D
A,B,A,A,A,A
A,B,A,A,A,A
A,B,A,A,A,A
A,B,A,A,A,A
A,B,A,A,A,A
A,B,A,A,A,B
A,B,A,A,A,A
A,B,A,A,A,C
A,B,A,A,A,C
A,B,A,A,A,A
A,B,A,A,A,C
A,B,A,A,A,A
A,B,A,A,A,B
A,B,A,A,A,A
A,B,A,A,A,C
A,B,A,A,A,C
A,B,A,A,A,A
A,B,A,A,A,B
A,B,A,A,A,B
A,B,A,A,A,B
A,B,A,A,A,B
A,B,A,A,A,A
A,B,A,A,A,A
A,B,A,A,A,A
A,B,A,A,A,A
A,B,A,A,A,A
A,B,A,A,A,A
A,B,A,A,A,A
A,B,A,A,A,A
A,B,A,A,A,A
A,B,A,A,A,B
A,B,A,A,A,B
A,B,A,A,A,A
A,B,A,A,A,C
A,B,A,A,A,B
A,B,A,A,A,A
A,B,A,A,A,A
A,B,A,A,A,A
A,B,A,A,A,B
A,B,A,A,A,A
A,B,A,A,A,A
A,B,A,A,A,C
A,B,A,A,A,C
A,B,A,A,A,A
A,B,A,A,A,A
A,B,A,A,A,B
A,B,A,A,A,A
A,B,A,A,A,A
A,B,A,A,A,C
A,B,A,A,A,A
A,B,A,A,A,C
A,B,A,A,A,C
A,B,A,A,A,C
A,B,A,A,A,C
A,B,A,A,A,C
A,B,A,A,A,A
A,B,A,A,A,A
A,B,A,A,A,C
A,B,A,A,A,C
A,B,A,A,A,C
A,B,A,A,A,A
A,B,A,A,A,C
A,B,A,A,A,C
A,B,A,A,A,B
A,B,A,A,A,C
A,B,A,A,A,C
A,B,A,A,A,A
A,B,A,A,A,A
A,B,A,A,A,C
A,B,A,A,A,C
A,B,A,A,A,C
A,B,A,A,A,C
A,B,A,A,A,C
A,B,A,A,A,C
A,B,A,A,A,C
A,B,A,A,A,F
A,B,A,A,A,A
A,B,A,A,A,A
A,B,A,A,A,B
A,B,A,A,A,A
A,B,A,A,A,A
A,B,A,A,A,A
A,B,A,A,A,A
A,B,A,A,A,A
A,B,A,A,A,C
A,B,A,A,A,B
A,B,A,A,A,A
A,B,A,A,A,A
A,B,A,A,A,A
A,B,A,A,A,A
A,B,A,A,A,C
A,B,A,A,A,A
A,B,A,A,A,C
A,B,A,A,A,A
A,B,A,A,A,A
A,B,A,A,A,A
A,B,A,A,A,A
A,B,A,A,A,A
A,B,A,A,A,A
A,B,A,A,A,A
A,B,A,A,A,A
A,B,A,A,A,A
A,B,A,A,A,A
A,B,A,A,A,A
A,B,A,A,A,A
A,B,A,A,A,A
A,B,A,A,A,A
A,B,A,A,A,A
A,B,A,A,A,A
A,B,A,A,A,B
A,B,A,A,A,A
A,B,A,A,A,A
A,B,A,A,A,C
A,B,A,A,A,B
A,B,A,A,A,A
A,B,A,A,A,A
A,B,A,A,A,A
A,B,A,A,A,B
A,B,A,A,A,A
A,B,A,A,A,A
A,B,A,A,A,A
A,B,A,A,A,C
A,B,A,A,A,A
A,B,A,A,A,A
A,B,A,A,A,A
A,B,A,A,A,A
A,B,A,A,A,A
A,B,A,A,A,B
A,B,A,A,A,A
A,B,A,A,A,A
A,B,A,A,A,A
A,B,A,A,A,C
A,B,A,A,A,C
A,B,A,A,A,A
A,B,A,A,A,A
A,B,A,A,A,A
A,B,A,A,A,A
A,B,A,A,A,C
A,B,A,A,A,A
A,B,A,A,A,A
A,B,A,A,A,C
A,B,A,A,A,C
A,B,A,A,A,A
A,B,A,A,A,A
A,B,A,A,A,C
A,B,A,A,A,A
A,B,A,A,A,C
A,B,A,A,A,A
A,B,A,A,A,C
A,B,A,A,A,B
A,B,A,A,A,A
A,B,A,A,A,A
A,B,A,A,A,A
A,B,A,A,A,A
A,B,A,A,A,A
A,B,A,A,A,A
A,B,A,A,A,A
A,B,A,A,A,A
A,B,A,A,A,A
A,B,A,A,A,B
A,B,A,A,A,A
A,B,A,A,A,A
A,B,A,A,A,C
A,B,A,A,A,A
A,B,A,A,A,A
A,B,A,A,A,B
A,B,A,A,A,A
A,B,A,A,A,A
A,B,A,A,A,A
A,B,A,A,A,B
A,B,A,A,A,A
A,B,A,A,A,F
A,B,A,A,A,A
A,B,A,A,A,F
A,B,A,A,A,B
A,B,A,A,A,A
A,B,A,A,A,A
A,B,A,A,A,A
A,B,A,A,A,A
A,B,A,A,A,A
A,B,A,A,A,A
A,B,A,A,A,A
A,B,A,A,A,B
A,B,A,A,A,A
A,B,A,A,A,A
A,B,A,A,A,B
A,B,A,A,A,A
A,B,A,A,A,A
A,B,A,A,A,A
A,B,A,A,A,A
A,B,A,A,A,A
A,B,A,A,A,A
A,B,A,A,A,A
A,B,A,A,A,A
A,B,A,A,A,B
A,B,A,A,A,A
A,B,A,A,A,A
A,B,A,A,A,A
A,B,A,A,A,B
A,B,A,A,A,A
A,B,A,A,A,A
A,B,A,A,A,A
A,B,A,A,A,B
A,B,A,A,A,B
A,B,A,A,A,B
A,B,A,A,A,A
A,B,A,A,A,A
A,B,A,A,A,B
A,B,A,A,A,A
A,B,A,A,A,A
A,B,A,A,A,A
A,B,A,A,A,A
A,B,A,A,A,A
A,B,A,A,A,A
A,B,A,A,A,B
A,B,A,A,A,A
A,B,A,A,A,A
A,B,A,A,A,A
A,B,A,A,A,A
A,B,A,A,A,A
A,B,A,A,A,A
A,B,A,A,A,A
A,B,A,A,A,A
B,B,A,A,B,A
A,B,A,A,A,B
A,B,A,A,A,A
A,B,A,A,A,A
A,B,A,A,A,A
A,B,A,A,A,A
A,B,A,A,A,A
A,B,A,A,A,A
A,B,A,A,A,A
A,B,A,A,A,A
A,B,A,A,A,A
A,B,A,A,A,A
A,B,A,A,A,A
A,B,A,A,A,A
A,B,A,A,A,A
A,B,A,A,A,A
A,B,A,A,A,C
A,B,A,A,A,A
A,B,A,A,A,A
A,B,A,A,A,C
A,B,A,A,A,A
A,B,A,A,A,A
A,B,A,A,A,A
A,B,A,A,A,C
A,B,A,A,A,C
A,B,A,A,A,A
A,B,A,A,A,A
A,B,A,A,A,C
A,B,A,A,A,A
A,B,A,A,A,A
A,B,A,A,A,A
A,B,A,A,A,B
A,B,A,A,A,C
A,B,A,A,A,C
A,B,A,A,A,C
A,B,A,A,A,A
A,B,A,A,A,C
A,B,A,A,A,C
A,B,A,A,A,C
A,B,A,A,A,C
A,B,A,A,A,C
A,B,A,A,A,A
A,B,A,A,A,A
A,B,A,A,A,C
A,B,A,A,A,C
A,B,A,A,A,C
A,B,A,A,A,C
A,B,A,A,A,A
A,B,A,A,A,A
A,B,A,A,A,B
A,B,A,A,A,B
A,B,A,A,A,A
A,B,A,A,A,C
A,B,A,A,A,B
A,B,A,A,A,A
A,B,A,A,A,A
A,B,A,A,A,C
A,B,A,A,A,A
A,B,A,A,A,B
A,B,A,A,A,A
A,B,A,A,A,C
A,B,A,A,A,A
A,B,A,A,A,A
A,B,A,A,A,A
A,B,A,A,A,A
A,B,A,A,A,A
A,B,A,A,A,C
A,B,A,A,A,A
A,B,A,A,A,B
A,B,A,A,A,A
A,B,A,A,A,C
A,B,A,A,A,A
A,B,A,A,A,C
A,B,A,A,A,A
A,B,A,A,A,A
A,B,A,A,A,B
A,B,A,A,A,A
A,B,A,A,A,B
A,B,A,A,A,A
A,B,A,A,A,B
A,B,A,A,A,A
A,B,A,A,A,A
A,B,A,A,A,B
A,B,A,A,A,A
A,B,A,A,A,A
A,B,A,A,A,B
A,B,A,A,A,A
A,B,A,A,A,A
A,B,A,A,A,A
A,B,A,A,A,A
A,B,A,A,A,B
A,B,A,A,A,A
A,B,A,A,A,A
A,B,A,A,A,A
A,B,A,A,A,B
A,B,A,A,A,A
A,B,A,A,A,A
A,B,A,A,A,A
A,B,A,A,A,A
A,B,A,A,A,A
A,B,A,A,A,D
A,B,A,A,A,A
A,B,A,A,A,B
A,B,A,A,A,A
A,B,A,A,A,A
A,B,A,A,A,A
A,B,A,A,A,A
A,B,A,A,A,B
A,B,A,A,A,A
A,B,A,A,A,B
A,B,A,A,A,C
A,B,A,A,A,C
A,B,A,A,A,A
A,B,A,A,A,A
A,B,A,A,A,A
A,B,A,A,A,A
A,B,A,A,A,A
A,B,A,A,A,A
A,B,A,A,A,A
A,B,A,A,A,A
A,B,A,A,A,C
A,B,A,A,A,B
A,B,A,A,A,A
A,B,A,A,A,A
A,B,A,A,A,A
A,B,A,A,A,B
A,B,A,A,A,A
A,B,A,A,A,A
A,B,A,A,A,B
A,B,A,A,A,A
A,B,A,A,A,B
A,B,A,A,A,A
A,B,A,A,A,A
A,B,A,A,A,B
A,B,A,A,A,A
A,B,A,A,A,A
A,B,A,A,A,A
A,B,A,A,A,A
A,B,A,A,A,A
A,B,A,A,A,A
A,B,A,A,A,A
A,B,A,A,A,A
A,B,A,A,A,A
A,B,A,A,A,A
A,B,A,A,A,A
A,B,A,A,A,A
A,B,A,A,A,A
A,B,A,A,A,A
A,B,A,A,A,A
A,B,A,A,A,A
A,B,A,A,A,A
A,B,A,A,A,A
A,B,A,A,A,A
A,B,A,A,A,A
A,B,A,A,A,A
A,B,A,A,A,A
A,B,A,A,A,A
A,B,A,A,A,A
A,B,A,A,A,A
A,B,A,A,A,A
A,B,A,A,A,A
A,B,A,A,A,A
A,B,A,A,A,A
A,B,A,A,A,A
A,B,A,A,A,A
A,B,A,A,A,B
A,B,A,A,A,A
A,B,A,A,A,A
A,B,A,A,A,A
A,B,A,A,A,B
A,B,A,A,A,A
A,B,A,A,A,A
A,B,A,A,A,B
A,B,A,A,A,A
A,B,A,A,A,D
A,B,A,A,A,D
A,B,A,A,A,A
A,B,A,A,A,A
A,B,A,A,A,A
A,B,A,A,A,B
A,B,A,A,A,B
A,B,A,A,A,A
A,B,A,A,A,A
A,B,A,A,A,A
A,B,A,A,A,C
A,B,A,A,A,C
A,B,A,A,A,A
A,B,A,A,A,A
A,B,A,A,A,A
A,B,A,A,A,A
A,B,A,A,A,B
A,B,A,A,A,A
A,B,A,A,A,A
A,B,A,A,A,A
A,B,A,A,A,B
A,B,A,A,A,A
A,B,A,A,A,A
A,B,A,A,A,A
A,B,A,A,A,A
A,B,A,A,A,A
A,B,A,A,A,B
A,B,A,A,A,C
A,B,A,A,A,A
A,B,A,A,A,A
A,B,A,A,A,C
A,B,A,A,A,A
A,B,A,A,A,A
A,B,A,A,A,C
A,B,A,A,A,B
A,B,A,A,A,C
A,B,A,A,A,A
A,B,A,A,A,A
A,B,A,A,A,B
A,B,A,A,A,A
A,B,A,A,A,A
A,B,A,A,A,A
A,B,A,A,A,A
A,B,A,A,A,A
A,B,A,A,A,B
A,B,A,A,A,A
A,B,A,A,A,B
A,B,A,A,A,A
A,B,A,A,A,A
A,B,A,A,A,A
A,B,A,A,A,A
A,B,A,A,A,A
A,B,A,A,A,A
A,B,A,A,A,B
A,B,A,A,A,B
A,B,A,A,A,B
A,B,A,A,A,B
A,B,A,A,A,C
A,B,A,A,A,A
A,B,A,A,A,A
A,B,A,A,A,A
A,B,A,A,A,A
A,B,A,A,A,A
A,B,A,A,A,A
A,B,A,A,A,C
A,B,A,A,A,A
A,B,A,A,A,C
A,B,A,A,A,A
A,B,A,A,A,A
A,B,A,A,A,B
A,B,A,A,A,A
A,B,A,A,A,C
A,B,A,A,A,C
A,B,A,A,A,B
A,B,A,A,A,B
A,B,A,A,A,A
A,B,A,A,A,A
A,B,A,A,A,C
A,B,A,A,A,C
A,B,A,A,A,A
A,B,A,A,A,C
A,B,A,A,A,C
A,B,A,A,A,B
A,B,A,A,A,C
A,B,A,A,A,A
A,B,A,A,A,A
A,B,A,A,A,C
A,B,A,A,A,C
A,B,A,A,A,C
A,B,A,A,A,A
A,B,A,A,A,C
A,B,A,A,A,A
A,B,A,A,A,A
A,B,A,A,A,B
A,B,A,A,A,B
A,B,A,A,A,A
A,B,A,A,A,A
A,B,A,A,A,A
A,B,A,A,A,A
A,B,A,A,A,A
A,B,A,A,A,A
A,B,A,A,A,C
A,B,A,A,A,A
A,B,A,A,A,A
A,B,A,A,A,C
A,B,A,A,A,A
A,B,A,A,A,A
A,B,A,A,A,C
A,B,A,A,A,C
A,B,A,A,A,A
A,B,A,A,A,A
A,B,A,A,A,C
A,B,A,A,A,A
A,B,A,A,A,A
A,B,A,A,A,B
A,B,A,A,A,A
A,B,A,A,A,A
A,B,A,A,A,A
A,B,A,A,A,A
A,B,A,A,A,A
A,B,A,A,A,A
A,B,A,A,A,A
A,B,A,A,A,A
A,B,A,A,A,A
A,B,A,A,A,A
A,B,A,A,A,A
A,B,A,A,A,A
A,B,A,A,A,A
A,B,A,A,A,A
A,B,A,A,A,A
A,B,A,A,A,A
A,B,A,A,A,B
A,B,A,A,A,A
A,B,A,A,A,A
A,B,A,A,A,A
A,B,A,A,A,C
A,B,A,A,A,B
A,B,A,A,A,C
A,B,A,A,A,A
A,B,A,A,A,A
A,B,A,A,A,B
A,B,A,A,A,C
A,B,A,A,A,C
A,B,A,A,A,B
A,B,A,A,A,C
A,B,A,A,A,B
A,B,A,A,A,B
A,B,A,A,A,C
A,B,A,A,A,B
A,B,A,A,A,C
A,B,A,A,A,C
A,B,A,A,A,C
A,B,A,A,A,A
A,B,A,A,A,A
A,B,A,A,A,C
A,B,A,A,A,A
A,B,A,A,A,A
A,B,A,A,A,A
A,B,A,A,A,A
A,B,A,A,A,C
A,B,A,A,A,A
A,B,A,A,A,C
A,B,A,A,A,C
A,B,A,A,A,A
A,B,A,A,A,A
A,B,A,A,A,A
A,B,A,A,A,C
A,B,A,A,A,A
A,B,A,A,A,A
A,B,A,A,A,C
A,B,A,A,A,A
A,B,A,A,A,C
A,B,A,A,A,C
A,B,A,A,A,A
A,B,A,A,A,A
A,B,A,A,A,C
A,B,A,A,A,A
A,B,A,A,A,B
A,B,A,A,A,A
A,B,A,A,A,A
A,B,A,A,A,A
A,B,A,A,A,A
A,B,A,A,A,C
A,B,A,A,A,A
A,B,A,A,A,A
A,B,A,A,A,A
A,B,A,A,A,C
A,A,A,A,A,B
A,B,A,A,A,A
A,B,A,A,A,A
A,B,A,A,A,A
A,B,A,A,A,A
A,B,A,A,A,A
A,B,A,A,A,A
A,B,A,A,A,A
A,B,A,A,A,A
A,B,A,A,A,A
A,B,A,A,A,A
A,B,A,A,A,C
A,B,A,A,A,C
A,B,A,A,A,A
A,B,A,A,A,A
A,B,A,A,A,C
A,B,A,A,A,C
A,B,A,A,A,C
A,B,A,A,A,A
A,B,A,A,A,A
A,B,A,A,A,A
A,B,A,A,A,B
A,B,A,A,A,A
A,B,A,A,A,B
A,B,A,A,A,A
A,B,A,A,A,A
A,B,A,A,A,A
A,B,A,A,A,A
A,B,A,A,A,B
A,B,A,A,A,A
A,B,A,A,A,B
A,B,A,A,A,A
A,B,A,A,A,A
A,B,A,A,A,A
A,B,A,A,A,A
A,B,A,A,A,A
A,B,A,A,A,A
A,B,A,A,A,A
A,B,A,A,A,A
A,B,A,A,A,A
A,B,A,A,A,C
A,B,A,A,A,C
A,B,A,A,A,A
A,B,A,A,A,A
A,B,A,A,A,A
A,B,A,A,A,A
A,B,A,A,A,A
A,B,A,A,A,A
A,B,A,A,A,A
A,B,A,A,A,A
A,B,A,A,A,A
A,B,A,A,A,C
A,B,A,A,A,A
A,B,A,A,A,B
A,B,A,A,A,B
A,B,A,A,A,A
A,B,A,A,A,A
A,B,A,A,A,B
A,B,A,A,A,C
A,B,A,A,A,A
A,B,A,A,A,A
A,B,A,A,A,B
A,B,A,A,A,A
A,B,A,A,A,A
A,B,A,A,A,A
A,B,A,A,A,A
A,B,A,A,A,A
A,B,A,A,A,A
A,B,A,A,A,A
A,B,A,A,A,A
A,B,A,A,A,A
A,B,A,A,A,B
A,B,A,A,A,B
A,B,A,A,A,B
A,B,A,A,A,A
A,B,A,A,A,B
A,B,A,A,A,A
A,B,A,A,A,B
A,B,A,A,A,A
A,B,A,A,A,B
A,B,A,A,A,A
A,B,A,A,A,B
A,B,A,A,A,B
A,B,A,A,A,A
A,B,A,A,A,A
A,B,A,A,A,A
A,B,A,A,A,A
A,B,A,A,A,A
A,B,A,A,A,B
A,B,A,A,A,B
A,B,A,A,A,B
A,B,A,A,A,A
A,B,A,A,A,A
A,B,A,A,A,B
A,B,A,A,A,A
A,B,A,A,A,B
A,B,A,A,A,A
A,B,A,A,A,A
A,B,A,A,A,B
A,B,A,A,A,A
A,B,A,A,A,A
A,B,A,A,A,A
A,B,A,A,A,A
A,B,A,A,A,A
A,B,A,A,A,B
A,B,A,A,A,A
A,B,A,A,A,A
A,B,A,A,A,A
A,B,A,A,A,A
A,B,A,A,A,A
A,B,A,A,A,A
A,B,A,A,A,A
A,B,A,A,A,B
A,B,A,A,A,A
A,B,A,A,A,A
A,B,A,A,A,A
A,B,A,A,A,A
A,B,A,A,A,A
A,B,A,A,A,A
A,B,A,A,A,B
A,B,A,A,A,A
A,B,A,A,A,A
A,B,A,A,A,A
A,B,A,A,A,A
A,B,A,A,A,B
A,B,A,A,A,B
A,B,A,A,A,A
A,B,A,A,A,A
A,B,A,A,A,A
A,B,A,A,A,A
A,B,A,A,A,A
A,B,A,A,A,B
A,B,A,A,A,A
A,B,A,A,A,A
A,B,A,A,A,A
A,B,A,A,A,A
A,B,A,A,A,A
A,B,A,A,A,A
A,B,A,A,A,A
A,B,A,A,A,A
A,B,A,A,A,B
A,B,A,A,A,A
A,B,A,A,A,A
A,B,A,A,A,A
A,B,A,A,A,A
A,B,A,A,A,A
A,B,A,A,A,A
A,B,A,A,A,A
A,B,A,A,A,A
A,B,A,A,A,A
A,B,A,A,A,A
A,B,A,A,A,A
A,B,A,A,A,A
A,B,A,A,A,A
A,B,A,A,A,A
A,B,A,A,A,A
A,B,A,A,A,B
A,B,A,A,A,A
A,B,A,A,A,A
A,B,A,A,A,B
A,B,A,A,A,A
A,B,A,A,A,A
A,B,A,A,A,A
A,B,A,A,A,A
A,B,A,A,A,A
A,B,A,A,A,A
A,B,A,A,A,C
A,B,A,A,A,B
A,B,A,A,A,A
A,B,A,A,A,C
A,B,A,A,A,C
A,B,A,A,A,A
A,B,A,A,A,A
A,B,A,A,A,A
A,B,A,A,A,A
A,B,A,A,A,A
A,B,A,A,A,A
A,B,A,A,A,A
A,B,A,A,A,A
A,B,A,A,A,A
A,B,A,A,A,B
A,B,A,A,A,A
A,B,A,A,A,A
A,B,A,A,A,A
A,B,A,A,A,A
A,B,A,A,A,A
A,B,A,A,A,A
A,B,A,A,A,B
A,B,A,A,A,A
A,B,A,A,A,B
A,B,A,A,A,A
A,B,A,A,A,A
A,B,A,A,A,A
A,B,A,A,A,A
A,B,A,A,A,A
A,B,A,A,A,A
A,B,A,A,A,A
A,B,A,A,A,A
A,B,A,A,A,A
A,B,A,A,A,B
A,B,A,A,A,A
A,B,A,A,A,A
A,B,A,A,A,B
A,B,A,A,A,B
A,B,A,A,A,A
A,B,A,A,A,A
A,B,A,A,A,A
A,B,A,A,A,B
A,B,A,A,A,A
A,B,A,A,A,B
A,B,A,A,A,B
A,B,A,A,A,A
A,B,A,A,A,A
A,B,A,A,A,A
A,B,A,A,A,A
A,B,A,A,A,A
A,B,A,A,A,A
A,B,A,A,A,A
A,B,A,A,A,A
A,B,A,A,A,B
A,B,A,A,A,A
A,B,A,A,A,B
A,B,A,A,A,A
A,B,A,A,A,A
A,B,A,A,A,A
A,B,A,A,A,A
A,B,A,A,A,A
A,B,A,A,A,A
A,B,A,A,A,B
A,B,A,A,A,A
A,B,A,A,A,B
A,B,A,A,A,A
A,B,A,A,A,A
A,B,A,A,A,A
A,B,A,A,A,A
A,B,A,A,A,A
A,B,A,A,A,A
A,B,A,A,A,A
A,B,A,A,A,A
A,B,A,A,A,A
A,B,A,A,A,A
A,B,A,A,A,A
A,B,A,A,A,A
A,B,A,A,A,A
A,B,A,A,A,A
A,B,A,A,A,A
A,B,A,A,A,A
A,B,A,A,A,A
A,B,A,A,A,A
A,B,A,A,A,B
A,B,A,A,A,A
A,B,A,A,A,A
A,B,A,A,A,A
A,B,A,A,A,B
A,B,A,A,A,A
A,B,A,A,A,A
A,B,A,A,A,A
A,B,A,A,A,A
A,B,A,A,A,A
A,B,A,A,A,A
A,B,A,A,A,A
A,B,A,A,A,A
A,B,A,A,A,A
A,B,A,A,A,A
A,B,A,A,A,A
A,B,A,A,A,A
A,B,A,A,A,A
A,B,A,A,A,A
A,B,A,A,A,A
A,B,A,A,A,A
A,B,A,A,A,A
A,B,A,A,A,A
A,B,A,A,A,A
A,B,A,A,A,A
A,B,A,A,A,A
A,B,A,A,A,D
A,B,A,A,A,A
A,B,A,A,A,A
A,B,A,A,A,A
A,B,A,A,A,A
A,B,A,A,A,A
A,B,A,A,A,B
A,B,A,A,A,A
A,B,A,A,A,A
A,B,A,A,A,A
A,B,A,A,A,A
A,B,A,A,A,A
A,B,A,A,A,A
A,B,A,A,A,A
A,B,A,A,A,A
A,B,A,A,A,B
A,B,A,A,A,A
A,B,A,A,A,A
A,B,A,A,A,A
A,B,A,A,A,A
A,B,A,A,A,A
A,B,A,A,A,A
A,B,A,A,A,A
A,B,A,A,A,A
A,B,A,A,A,A
A,B,A,A,A,A
A,B,A,A,A,A
A,B,A,A,A,A
A,B,A,A,A,A
A,B,A,A,A,A
A,B,A,A,A,A
A,B,A,A,A,B
A,B,A,A,A,A
A,B,A,A,A,A
A,B,A,A,A,A
A,B,A,A,A,A
A,B,A,A,A,A
A,B,A,A,A,A
A,B,A,A,A,A
A,B,A,A,A,B
A,B,A,A,A,A
A,B,A,A,A,A
A,B,A,A,A,A
A,B,A,A,A,A
A,B,A,A,A,A
A,B,A,A,A,C
A,B,A,A,A,A
A,B,A,A,A,C
A,B,A,A,A,C
A,B,A,A,A,A
A,B,A,A,A,C
A,B,A,A,A,B
A,B,A,A,A,A
A,B,A,A,A,A
A,B,A,A,A,A
A,B,A,A,A,A
A,B,A,A,A,A
A,B,A,A,A,B
A,B,A,A,A,A
A,B,A,A,A,A
A,B,A,A,A,A
A,B,A,A,A,A
A,B,A,A,A,A
A,B,A,A,A,A
A,B,A,A,A,A
A,B,A,A,A,A
A,B,A,A,A,A
A,B,A,A,A,A
A,B,A,A,A,B
A,B,A,A,A,A
A,B,A,A,A,A
A,B,A,A,A,A
A,B,A,A,A,B
A,B,A,A,A,A
A,B,A,A,A,A
A,B,A,A,A,A
A,B,A,A,A,A
A,B,A,A,A,B
A,B,A,A,A,A
A,B,A,A,A,A
A,B,A,A,A,B
A,B,A,A,A,B
A,B,A,A,A,A
A,B,A,A,A,A
A,B,A,A,A,A
A,B,A,A,A,A
A,B,A,A,A,A
A,B,A,A,A,A
A,B,A,A,A,A
A,B,A,A,A,A
A,B,A,A,A,B
A,B,A,A,A,A
A,B,A,A,A,A
A,B,A,A,A,A
A,B,A,A,A,B
A,B,A,A,A,A
A,B,A,A,A,A
A,B,A,A,A,A
A,B,A,A,A,B
A,B,A,A,A,B
A,B,A,A,A,A
A,B,A,A,A,B
A,B,A,A,A,A
A,B,A,A,A,B
A,B,A,A,A,B
A,B,A,A,A,B
A,B,A,A,A,A
A,B,A,A,A,A
A,B,A,A,A,C
A,B,A,A,A,C
A,B,A,A,A,A
A,B,A,A,A,C
A,B,A,A,A,A
A,B,A,A,A,A
A,B,A,A,A,C
A,B,A,A,A,A
A,B,A,A,A,C
A,B,A,A,A,C
A,B,A,A,A,B
A,B,A,A,A,C
A,B,A,A,A,B
A,B,A,A,A,C
A,B,A,A,A,A
A,B,A,A,A,A
A,B,A,A,A,A
A,B,A,A,A,B
A,B,A,A,A,A
A,B,A,A,A,A
A,B,A,A,A,A
A,B,A,A,A,A
A,B,A,A,A,A
A,B,A,A,A,A
A,B,A,A,A,A
A,B,A,A,A,A
A,B,A,A,A,A
A,B,A,A,A,A
A,B,A,A,A,B
A,B,A,A,A,A
A,B,A,A,A,A
A,B,A,A,A,C
A,B,A,A,A,A
A,B,A,A,A,A
A,B,A,A,A,A
A,B,A,A,A,A
A,B,A,A,A,A
A,B,A,A,A,A
A,B,A,A,A,A
A,B,A,A,A,A
A,B,A,A,A,A
A,B,A,A,A,B
A,B,A,A,A,C
A,B,A,A,A,A
A,B,A,A,A,A
A,B,A,A,A,A
A,B,A,A,A,A
A,B,A,A,A,A
A,B,A,A,A,C
A,B,A,A,A,A
A,B,A,A,A,A
A,B,A,A,A,A
A,B,A,A,A,A
A,B,A,A,A,A
A,B,A,A,A,A
A,B,A,A,A,A
A,B,A,A,A,A
A,B,A,A,A,C
A,B,A,A,A,C
A,B,A,A,A,A
A,B,A,A,A,A
A,B,A,A,A,A
A,B,A,A,A,A
A,B,A,A,A,A
A,B,A,A,A,C
A,B,A,A,A,C
A,B,A,A,A,A
A,B,A,A,A,A
A,B,A,A,A,A
A,B,A,A,A,B
A,B,A,A,A,A
A,B,A,A,A,C
A,B,A,A,A,A
A,B,A,A,A,A
A,B,A,A,A,A
A,B,A,A,A,C
A,B,A,A,A,A
A,B,A,A,A,A
A,B,A,A,A,A
A,B,A,A,A,A
A,B,A,A,A,A
A,B,A,A,A,A
A,B,A,A,A,A
A,B,A,A,A,A
A,B,A,A,A,A
A,B,A,A,A,A
A,B,A,A,A,A
A,B,A,A,A,A
A,B,A,A,A,A
A,B,A,A,A,A
A,B,A,A,A,A
A,B,A,A,A,A
A,B,A,A,A,A
A,B,A,A,A,B
A,B,A,A,A,A
A,B,A,A,A,A
A,B,A,A,A,A
A,B,A,A,A,A
A,B,A,A,A,A
A,B,A,A,A,A
A,B,A,A,A,A
A,B,A,A,A,A
A,B,A,A,A,A
A,B,A,A,A,A
A,B,A,A,A,A
A,B,A,A,A,C
A,B,A,A,A,A
A,B,A,A,A,A
A,B,A,A,A,C
A,B,A,A,A,A
A,B,A,A,A,A
A,B,A,A,A,A
A,B,A,A,A,A
A,B,A,A,A,A
A,B,A,A,A,B
A,B,A,A,A,A
A,B,A,A,A,A
A,B,A,A,A,A
A,B,A,A,A,A
A,B,A,A,A,A
A,B,A,A,A,A
A,B,A,A,A,A
A,B,A,A,A,A
A,B,A,A,A,A
A,B,A,A,A,C
A,B,A,A,A,A
A,B,A,A,A,A
A,B,A,A,A,A
A,B,A,A,A,A
A,B,A,A,A,A
A,B,A,A,A,A
A,B,A,A,A,B
A,B,A,A,A,A
A,B,A,A,A,A
A,B,A,A,A,A
A,B,A,A,A,A
A,B,A,A,A,A
A,B,A,A,A,A
A,B,A,A,A,A
A,B,A,A,A,A
A,B,A,A,A,A
A,B,A,A,A,A
A,B,A,A,A,A
A,B,A,A,A,A
A,B,A,A,A,B
A,B,A,A,A,A
A,B,A,A,A,A
A,B,A,A,A,A
A,B,A,A,A,A
A,B,A,A,A,A
A,B,A,A,A,B
A,B,A,A,A,A
A,B,A,A,A,A
A,B,A,A,A,A
A,B,A,A,A,A
A,B,A,A,A,A
A,B,A,A,A,A
A,B,A,A,A,A
A,B,A,A,A,A
A,B,A,A,A,B
A,B,A,A,A,A
A,B,A,A,A,B
A,B,A,A,A,A
A,B,A,A,A,A
A,B,A,A,A,A
A,B,A,A,A,C
A,B,A,A,A,A
A,B,A,A,A,B
A,B,A,A,A,A
A,B,A,A,A,A
A,B,A,A,A,A
A,B,A,A,A,A
A,B,A,A,A,A
A,B,A,A,A,A
A,B,A,A,A,A
A,B,A,A,A,A
A,B,A,A,A,A
A,B,A,A,A,B
A,B,A,A,A,A
A,B,A,A,A,A
A,B,A,A,A,A
A,B,A,A,A,A
A,B,A,A,A,A
A,B,A,A,A,A
A,B,A,A,A,A
A,B,A,A,A,A
A,B,A,A,A,A
A,B,A,A,A,A
A,B,A,A,A,B
A,B,A,A,A,A
A,B,A,A,A,A
A,B,A,A,A,A
A,B,A,A,A,A
A,B,A,A,A,A
A,B,A,A,A,A
A,B,A,A,A,B
A,B,A,A,A,A
A,B,A,A,A,A
A,B,A,A,A,A
A,B,A,A,A,A
A,B,A,A,A,A
A,B,A,A,A,A
A,B,A,A,A,A
A,B,A,A,A,A
A,B,A,A,A,A
A,B,A,A,A,A
A,B,A,A,A,A
A,B,A,A,A,A
A,B,A,A,A,A
A,B,A,A,A,B
A,B,A,A,A,A
A,B,A,A,A,A
A,B,A,A,A,C
A,B,A,A,A,A
A,B,A,A,A,A
A,B,A,A,A,A
A,B,A,A,A,A
A,B,A,A,A,A
A,B,A,A,A,A
A,B,A,A,A,A
A,B,A,A,A,B
A,B,A,A,A,A
A,B,A,A,A,B
A,B,A,A,A,A
A,B,A,A,A,A
A,B,A,A,A,B
A,B,A,A,A,A
A,B,A,A,A,A
A,B,A,A,A,A
A,B,A,A,A,A
A,B,A,A,A,A
A,B,A,A,A,B
A,B,A,A,A,A
A,B,A,A,A,A
A,B,A,A,A,A
A,B,A,A,A,A
A,B,A,A,A,A
A,B,A,A,A,A
A,B,A,A,A,A
A,B,A,A,A,B
A,B,A,A,A,A
A,B,A,A,A,A
A,B,A,A,A,A
A,B,A,A,A,A
A,B,A,A,A,A
A,B,A,A,A,A
A,B,A,A,A,A
A,B,A,A,A,A
A,B,A,A,A,A
A,B,A,A,A,A
A,B,A,A,A,A
A,B,A,A,A,A
A,B,A,A,A,A
A,B,A,A,A,A
A,B,A,A,A,A
A,B,A,A,A,A
A,B,A,A,A,A
A,B,A,A,A,A
A,B,A,A,A,A
A,B,A,A,A,A
A,B,A,A,A,C
A,B,A,A,A,A
A,B,A,A,A,A
A,B,A,A,A,A
A,B,A,A,A,A
A,B,A,A,A,A
A,B,A,A,A,A
A,B,A,A,A,A
A,B,A,A,A,A
A,B,A,A,A,A
A,B,A,A,A,A
A,B,A,A,A,A
A,B,A,A,A,A
A,B,A,A,A,A
A,B,A,A,A,A
A,B,A,A,A,A
A,B,A,A,A,A
A,B,A,A,A,A
A,B,A,A,A,A
A,B,A,A,A,A
A,B,A,A,A,A
A,B,A,A,A,B
A,B,A,A,A,A
A,B,A,A,A,A
A,B,A,A,A,A
A,B,A,A,A,A
A,B,A,A,A,A
A,B,A,A,A,A
A,B,A,A,A,D
A,B,A,A,A,A
A,B,A,A,A,B
A,B,A,A,A,A
A,B,A,A,A,A
A,B,A,A,A,C
A,B,A,A,A,A
A,B,A,A,A,A
A,B,A,A,A,B
A,B,A,A,A,C
A,B,A,A,A,C
A,B,A,A,A,C
A,B,A,B,A,C
A,B,A,A,A,B
A,B,A,A,A,C
A,B,A,A,A,B
A,B,A,A,A,A
A,B,A,A,A,A
A,B,A,A,A,C
A,B,A,A,A,A
A,B,A,A,A,C
A,B,A,A,A,A
A,B,A,A,A,B
A,B,A,A,A,A
A,B,A,A,A,B
A,B,A,A,A,A
A,B,A,A,A,A
A,B,A,A,A,A
A,B,A,A,A,A
A,B,A,A,A,A
A,B,A,A,A,B
A,B,A,A,A,A
A,B,A,A,A,B
A,B,A,A,A,A
A,B,A,A,A,A
A,B,A,A,A,A
A,B,A,A,A,C
A,B,A,A,A,B
A,B,A,A,A,A
A,B,A,A,A,A
A,B,A,A,A,C
A,B,A,A,A,A
A,B,A,A,A,A
A,B,A,A,A,C
A,B,A,A,A,B
A,B,A,A,A,A
A,B,A,A,A,A
A,B,A,A,A,A
A,B,A,A,A,B
A,B,A,A,A,A
A,B,A,A,A,A
A,B,A,A,A,C
A,B,A,A,A,A
A,B,A,A,A,A
A,B,A,A,A,A
A,B,A,A,A,B
A,B,A,A,A,A
A,B,A,A,A,C
A,B,A,A,A,C
A,B,A,A,A,A
A,B,A,A,A,C
A,B,A,A,A,C
A,B,A,A,A,A
A,B,A,A,A,C
A,B,A,A,A,B
A,B,A,A,A,C
A,B,A,A,A,C
A,B,A,A,A,C
A,B,A,A,A,C
A,B,A,A,A,A
A,B,A,A,A,A
A,B,A,A,A,A
A,B,A,A,A,B
A,B,A,A,A,C
A,B,A,A,A,A
A,B,A,A,A,C
A,B,A,A,A,C
A,B,A,A,A,A
A,B,A,A,A,C
A,B,A,A,A,C
A,B,A,A,A,C
A,B,A,A,A,A
A,B,A,A,A,C
A,B,A,A,A,C
A,B,A,A,A,A
A,B,A,A,A,A
A,B,A,A,A,A
A,B,A,A,A,A
A,B,A,A,A,A
A,B,A,A,A,A
A,B,A,A,A,C
A,B,A,A,A,A
A,B,A,A,A,A
A,B,A,A,A,A
A,B,A,A,A,A
A,B,A,A,A,B
A,B,A,A,A,A
A,B,A,A,A,A
A,B,A,A,A,C
A,B,A,A,A,C
A,B,A,A,A,B
A,B,A,A,A,A
A,B,A,A,A,A
A,B,A,A,A,A
A,B,A,A,A,A
A,B,A,A,A,A
A,B,A,A,A,A
A,B,A,A,A,C
A,B,A,A,A,A
A,B,A,A,A,A
A,B,A,A,A,A
A,B,A,A,A,B
A,B,A,A,A,B
A,B,A,A,A,A
A,B,A,A,A,A
A,B,A,A,A,A
A,B,A,A,A,A
A,B,A,A,A,A
A,B,A,A,A,A
A,B,A,A,A,A
A,B,A,A,A,A
A,B,A,A,A,A
A,B,A,A,A,A
A,B,A,A,A,B
A,B,A,A,A,A
A,B,A,A,A,B
A,B,A,A,A,A
A,B,A,A,A,A
A,B,A,A,A,C
A,B,A,A,A,A
A,B,A,A,A,B
A,B,A,A,A,A
A,B,A,A,A,A
A,B,A,A,A,A
A,B,A,A,A,A
A,B,A,A,A,A
A,B,A,A,A,B
A,B,A,A,A,A
A,B,A,A,A,A
A,B,A,A,A,A
A,B,A,A,A,A
A,B,A,A,A,B
A,B,A,A,A,A
A,B,A,A,A,A
A,B,A,A,A,C
A,B,A,A,A,C
A,B,A,A,A,A
A,B,A,A,A,A
A,B,A,A,A,B
A,B,A,A,A,A
A,B,A,A,A,A
A,B,A,A,A,A
A,B,A,A,A,A
A,B,A,A,A,A
A,B,A,A,A,A
A,B,A,A,A,B
A,B,A,A,A,A
A,B,A,A,A,B
A,B,A,A,A,A
A,B,A,A,A,A
A,B,A,A,A,A
A,B,A,A,A,B
A,B,A,A,A,A
A,B,A,A,A,B
A,B,A,A,A,A
A,B,A,A,A,A
A,B,A,A,A,A
A,B,A,A,A,A
A,B,A,A,A,A
A,B,A,A,A,A
A,B,A,A,A,A
A,B,A,A,A,B
A,B,A,A,A,A
A,B,A,A,A,A
A,B,A,A,A,A
A,B,A,A,A,A
A,B,A,A,A,A
A,B,A,A,A,A
A,B,A,A,A,C
A,B,A,A,A,C
A,B,A,A,A,A
A,B,A,A,A,A
A,B,A,A,A,C
A,B,A,A,A,B
A,B,A,A,A,A
A,B,A,A,A,A
A,B,A,A,A,B
A,B,A,A,A,A
A,B,A,A,A,A
A,B,A,A,A,B
A,B,A,A,A,A
A,B,A,A,A,A
A,B,A,A,A,A
A,B,A,A,A,B
A,B,A,A,A,A
A,B,A,A,A,B
A,B,A,A,A,B
A,B,A,A,A,B
A,B,A,A,A,A
A,B,A,A,A,A
A,B,A,A,A,B
A,B,A,A,A,A
A,B,A,A,A,A
A,B,A,A,A,A
A,B,A,A,A,A
A,B,A,A,A,A
A,B,A,A,A,A
A,B,A,A,A,A
A,B,A,A,A,A
A,B,A,A,A,A
A,B,A,A,A,B
A,B,A,A,A,C
A,B,A,A,A,A
A,B,A,A,A,A
A,B,A,A,A,A
A,B,A,A,A,B
A,B,A,A,A,A
A,B,A,A,A,A
A,B,A,A,A,A
A,B,A,A,A,A
A,B,A,A,A,A
A,B,A,A,A,A
A,B,A,A,A,B
A,B,A,A,A,A
A,B,A,A,A,A
A,B,A,A,A,B
A,B,A,A,A,B
A,B,A,A,A,A
A,B,A,A,A,A
A,B,A,A,A,A
A,B,A,A,A,A
A,B,A,A,A,B
A,B,A,A,A,A
A,B,A,A,A,A
A,B,A,A,A,A
A,B,A,A,A,A
A,B,A,A,A,A
A,B,A,A,A,A
A,B,A,A,A,A
A,B,A,A,A,A
A,B,A,A,A,A
A,B,A,A,A,A
A,B,A,A,A,B
A,B,A,A,A,A
A,B,A,A,A,A
A,B,A,A,A,A
A,B,A,A,A,B
A,B,A,A,A,A
A,B,A,A,A,A
A,B,A,A,A,A
A,B,A,A,A,A
A,B,A,A,A,A
A,B,A,A,A,A
A,B,A,A,A,A
A,B,A,A,A,A
A,B,A,A,A,A
A,B,A,A,A,A
A,B,A,A,A,A
A,B,A,A,A,A
A,B,A,A,A,A
A,B,A,A,A,A
A,B,A,A,A,A
A,B,A,A,A,A
A,B,A,A,A,A
A,B,A,A,A,A
A,B,A,A,A,A
A,B,A,A,A,A
A,B,A,A,A,A
A,B,A,A,A,B
A,B,A,A,A,A
A,B,A,A,A,A
A,B,A,A,A,A
A,B,A,A,A,B
A,B,A,A,A,B
A,B,A,A,A,A
A,B,A,A,A,A
A,B,A,A,A,A
A,B,A,A,A,A
A,B,A,A,A,A
A,B,A,A,A,A
A,B,A,A,A,A
A,B,A,A,A,A
A,B,A,A,A,A
A,B,A,A,A,B
A,B,A,A,A,A
A,B,A,A,A,A
A,B,A,A,A,A
A,B,A,A,A,A
A,B,A,A,A,A
A,B,A,A,A,A
A,B,A,A,A,A
A,B,A,A,A,A
A,B,A,A,A,A
A,B,A,A,A,A
A,B,A,A,A,A
A,B,A,A,A,A
A,B,A,A,A,A
A,B,A,A,A,A
A,B,A,A,A,A
A,B,A,A,A,A
A,B,A,A,A,D
A,B,A,A,A,A
A,B,A,A,A,A
A,B,A,A,A,D
A,B,A,A,A,A
A,B,A,A,A,A
A,B,A,A,A,A
A,B,A,A,A,A
A,B,A,A,A,A
A,B,A,A,A,A
A,B,A,A,A,A
A,B,A,A,A,A
A,B,A,A,A,A
A,B,A,A,A,A
A,B,A,A,A,B
A,B,A,A,A,A
A,B,A,A,A,A
A,B,A,A,A,A
A,B,A,A,A,B
A,B,A,A,A,A
A,B,A,A,A,A
A,B,A,A,A,A
A,B,A,A,A,A
A,B,A,A,A,B
A,B,A,A,A,A
A,B,A,A,A,A
A,B,A,A,A,A
A,B,A,A,A,B
A,B,A,A,A,A
A,B,A,A,A,A
A,B,A,A,A,B
A,B,A,A,A,A
A,B,A,A,A,B
A,B,A,A,A,A
A,B,A,A,A,C
A,B,A,A,A,A
A,B,A,A,A,A
A,B,A,A,A,B
A,B,A,A,A,B
A,B,A,A,A,A
A,B,A,A,A,A
A,B,A,A,A,B
A,B,A,A,A,C
A,B,A,A,A,A
A,B,A,A,A,A
A,B,A,A,A,B
A,B,A,A,A,A
A,B,A,A,A,B
A,B,A,A,A,B
A,B,A,A,A,A
A,B,A,A,A,A
A,B,A,A,A,B
A,B,A,A,A,A
A,B,A,A,A,C
A,B,A,A,A,A
A,B,A,A,A,A
A,B,A,A,A,A
A,B,A,A,A,B
A,B,A,A,A,A
A,B,A,A,A,A
A,B,A,A,A,B
A,B,A,A,A,A
A,B,A,A,A,A
A,B,A,A,A,B
A,B,A,A,A,A
A,B,A,A,A,B
A,B,A,A,A,A
A,B,A,A,A,A
A,B,A,A,A,B
A,B,A,A,A,B
A,B,A,A,A,B
A,B,A,A,A,A
A,B,A,A,A,A
A,B,A,A,A,B
A,B,A,A,A,A
A,B,A,A,A,B
A,B,A,A,A,B
A,B,A,A,A,A
A,B,A,A,A,B
A,B,A,A,A,A
A,B,A,A,A,A
A,B,A,A,A,A
A,B,A,A,A,B
A,B,A,A,A,A
A,B,A,A,A,B
A,B,A,A,A,C
A,B,A,A,A,C
A,B,A,A,A,A
A,B,A,A,A,C
A,B,A,A,A,C
A,B,A,A,A,A
A,B,A,A,A,A
A,B,A,A,A,A
A,B,A,A,A,A
A,B,A,A,A,A
A,B,A,A,A,A
A,B,A,A,A,B
A,B,A,A,A,A
A,B,A,A,A,C
A,B,A,A,A,A
A,B,A,A,A,A
A,B,A,A,A,C
A,B,A,A,A,B
A,B,A,A,A,A
A,B,A,A,A,C
A,B,A,A,A,C
A,B,A,A,A,C
A,B,A,A,A,C
A,B,A,A,A,C
A,B,A,A,A,A
A,B,A,A,A,A
A,B,A,A,A,C
A,B,A,A,A,C
A,B,A,A,A,A
A,B,A,A,A,C
A,B,A,A,A,C
A,B,A,A,A,A
A,B,A,A,A,B
A,B,A,A,A,C
A,B,A,A,A,A
A,B,A,A,A,A
A,B,A,A,A,C
A,B,A,A,A,A
A,B,A,A,A,A
A,B,A,A,A,A
A,B,A,A,A,A
A,B,A,A,A,A
A,B,A,A,A,A
A,B,A,A,A,A
A,B,A,A,A,A
A,B,A,A,A,A
A,B,A,A,A,A
A,B,A,A,A,B
A,B,A,A,A,A
A,B,A,A,A,A
A,B,A,A,A,A
A,B,A,A,A,A
A,B,A,A,A,C
A,B,A,A,A,B
A,B,A,A,A,C
A,B,A,A,A,B
A,B,A,A,A,A
A,B,A,A,A,C
A,B,A,A,A,A
A,B,A,A,A,B
A,B,A,A,A,A
A,B,A,A,A,A
A,B,A,A,A,B
A,B,A,A,A,A
A,B,A,A,A,A
A,B,A,A,A,C
A,B,A,A,A,C
A,B,A,A,A,A
A,B,A,A,A,C
A,B,A,A,A,A
A,B,A,A,A,A
A,B,A,A,A,A
A,B,A,A,A,A
A,B,A,A,A,B
A,B,A,A,A,A
A,B,A,A,A,A
A,B,A,A,A,B
A,B,A,A,A,B
A,B,A,A,A,A
A,B,A,A,A,B
A,B,A,A,A,A
A,B,A,A,A,A
A,B,A,A,A,A
A,B,A,A,A,A
A,B,A,A,A,A
A,B,A,A,A,A
A,B,A,A,A,A
A,B,A,A,A,A
A,B,A,A,A,A
A,B,A,A,A,A
A,B,A,A,A,A
A,B,A,A,A,A
A,B,A,A,A,A
A,B,A,A,A,A
A,B,A,A,A,A
A,B,A,A,A,A
A,B,A,A,A,A
A,B,A,A,A,A
A,B,A,A,A,A
A,B,A,A,A,B
A,B,A,A,A,A
A,B,A,A,A,A
A,B,A,A,A,B
A,B,A,A,A,A
A,B,A,A,A,A
A,B,A,A,A,A
A,B,A,A,A,A
A,B,A,A,A,A
A,B,A,A,A,A
A,B,A,A,A,B
A,B,A,A,A,A
A,B,A,A,A,A
A,B,A,A,A,A
A,B,A,A,A,B
A,B,A,A,A,A
A,B,A,A,A,A
A,B,A,A,A,A
A,B,A,A,A,A
A,B,A,A,A,B
A,B,A,A,A,A
A,B,A,A,A,B
A,B,A,A,A,A
A,B,A,A,A,A
A,B,A,A,A,A
A,B,A,A,A,A
A,B,A,A,A,A
A,B,A,A,A,A
A,B,A,A,A,A
A,B,A,A,A,A
A,B,A,A,A,B
A,B,A,A,A,A
A,B,A,A,A,A
A,B,A,A,A,A
A,B,A,A,A,A
A,B,A,A,A,A
A,B,A,A,A,A
A,B,A,A,A,A
A,B,A,A,A,A
A,B,A,A,A,A
A,B,A,A,A,B
A,B,A,A,A,A
A,B,A,A,A,A
A,B,A,A,A,A
A,B,A,A,A,A
A,B,A,A,A,A
A,B,A,A,A,A
A,B,A,A,A,A
A,B,A,A,A,A
A,B,A,A,A,A
A,B,A,A,A,A
A,B,A,A,A,A
A,B,A,A,A,A
A,B,A,A,A,B
A,B,A,A,A,C
A,B,A,A,A,A
A,B,A,A,A,C
A,B,A,A,A,A
A,B,A,A,A,C
A,B,A,A,A,A
A,B,A,A,A,A
A,B,A,A,A,A
A,B,A,A,A,A
A,B,A,A,A,A
A,B,A,A,A,A
A,B,A,A,A,B
A,B,A,A,A,A
A,B,A,A,A,A
A,B,A,A,A,A
A,B,A,A,A,A
A,B,A,A,A,A
A,B,A,A,A,A
A,B,A,A,A,A
A,B,A,A,A,B
A,B,A,A,A,A
A,B,A,A,A,A
A,B,A,A,A,A
A,B,A,A,A,A
A,B,A,A,A,A
A,B,A,A,A,A
A,B,A,A,A,A
A,B,A,A,A,A
A,B,A,A,A,A
A,B,A,A,A,A
A,B,A,A,A,B
A,B,A,A,A,A
A,B,A,A,A,A
A,B,A,A,A,A
A,B,A,A,A,A
A,B,A,A,A,B
A,B,A,A,A,A
A,B,A,A,A,A
A,B,A,A,A,A
A,B,A,A,A,A
A,B,A,A,A,C
A,B,A,A,A,B
A,B,A,A,A,A
A,B,A,A,A,C
A,B,A,A,A,A
A,B,A,A,A,A
A,B,A,A,A,A
A,B,A,A,A,A
A,B,A,A,A,A
A,B,A,A,A,C
A,B,A,A,A,A
A,B,A,A,A,A
A,B,A,A,A,A
A,B,A,A,A,A
A,B,A,A,A,A
A,B,A,A,A,B
A,B,A,A,A,A
A,B,A,A,A,A
A,B,A,A,A,A
A,B,A,A,A,A
A,B,A,A,A,A
A,B,A,A,A,A
A,B,A,A,A,A
A,B,A,A,A,A
A,B,A,A,A,A
A,B,A,A,A,A
A,B,A,A,A,A
A,B,A,A,A,A
A,B,A,A,A,A
A,B,A,A,A,A
A,B,A,A,A,A
A,B,A,A,A,A
A,B,A,A,A,A
A,B,A,A,A,A
A,B,A,A,A,A
A,B,A,A,A,A
A,B,A,A,A,A
A,B,A,A,A,A
A,B,A,A,A,A
A,B,A,A,A,A
A,B,A,A,A,A
A,B,A,A,A,A
A,B,A,A,A,A
A,B,A,A,A,B
A,B,A,A,A,A
A,B,A,A,A,A
A,B,A,A,A,B
A,B,A,A,A,A
A,B,A,A,A,A
A,B,A,A,A,A
A,B,A,A,A,A
A,B,A,A,A,A
A,B,A,A,A,A
A,B,A,A,A,A
A,B,A,A,A,A
A,B,A,A,A,B
A,B,A,A,A,A
A,B,A,A,A,A
A,B,A,A,A,A
A,B,A,A,A,A
A,B,A,A,A,A
A,B,A,A,A,A
A,B,A,A,A,A
A,B,A,A,A,A
A,B,A,A,A,A
A,B,A,A,A,B
A,B,A,A,A,A
A,B,A,A,A,A
A,B,A,A,A,B
A,B,A,A,A,A
A,B,A,A,A,B
A,B,A,A,A,A
A,B,A,A,A,A
A,B,A,A,A,A
A,B,A,A,A,A
A,B,A,A,A,A
A,B,A,A,A,A
A,B,A,A,A,A
A,B,A,A,A,B
A,B,A,A,A,A
A,B,A,A,A,A
A,B,A,A,A,A
A,B,A,A,A,A
A,B,A,A,A,A
A,B,A,A,A,A
A,B,A,A,A,A
A,B,A,A,A,A
A,B,A,A,A,B
A,B,A,A,A,B
A,B,A,A,A,A
A,B,A,A,A,C
A,B,A,A,A,C
A,B,A,A,A,A
A,B,A,A,A,C
A,B,A,A,A,C
A,B,A,A,A,C
A,B,A,A,A,A
A,B,A,A,A,B
A,B,A,A,A,B
A,B,A,A,A,C
A,B,A,A,A,C
A,B,A,A,A,A
A,B,A,A,A,A
A,B,A,A,A,A
A,B,A,A,A,B
A,B,A,A,A,A
A,B,A,A,A,A
A,B,A,A,A,B
A,B,A,A,A,A
A,B,A,A,A,A
A,B,A,A,A,A
A,B,A,A,A,C
A,B,A,A,A,A
A,B,A,A,A,A
A,B,A,A,A,C
A,B,A,A,A,B
A,B,A,A,A,C
A,B,A,A,A,A
A,B,A,A,A,A
A,B,A,A,A,B
A,B,A,A,A,A
A,B,A,A,A,A
A,B,A,A,A,C
A,B,A,A,A,B
A,B,A,A,A,F
A,B,A,A,A,C
A,B,A,A,A,A
A,B,A,A,A,C
A,B,A,A,A,B
A,B,A,A,A,A
A,B,A,A,A,A
A,B,A,A,A,A
A,B,A,A,A,C
A,B,A,A,A,C
A,B,A,A,A,C
A,B,A,A,A,A
A,B,A,A,A,A
A,B,A,A,A,A
A,B,A,A,A,A
A,B,A,A,A,B
A,B,A,A,A,C
A,B,A,A,A,A
A,B,A,A,A,A
A,B,A,A,A,A
A,B,A,A,A,B
A,B,A,A,A,A
A,B,A,A,A,B
A,B,A,A,A,A
A,B,A,A,A,A
A,B,A,A,A,A
A,B,A,A,A,A
A,B,A,A,A,A
A,B,A,A,A,B
A,B,A,A,A,C
A,B,A,A,A,A
A,B,A,A,A,A
A,B,A,A,A,C
A,B,A,A,A,C
A,B,A,A,A,A
A,B,A,A,A,A
A,B,A,A,A,A
A,B,A,A,A,A
A,B,A,A,A,C
A,B,A,A,A,A
A,B,A,A,A,A
A,B,A,A,A,C
A,B,A,A,A,A
A,B,A,A,A,A
A,B,A,A,A,B
A,B,A,A,A,A
A,B,A,A,A,A
A,B,A,A,A,A
A,B,A,A,A,A
A,B,A,A,A,A
A,B,A,A,A,C
A,B,A,A,A,A
A,B,A,A,A,A
A,B,A,A,A,B
A,B,A,A,A,B
A,B,A,A,A,B
A,B,A,A,A,B
A,B,A,A,A,B
A,B,A,A,A,A
A,B,A,A,A,B
A,B,A,A,A,A
A,B,A,A,A,A
A,B,A,A,A,A
A,B,A,A,A,A
A,B,A,A,A,A
A,B,A,A,A,A
A,B,A,A,A,A
A,B,A,A,A,A
A,B,A,A,A,B
A,B,A,A,A,A
A,B,A,A,A,B
A,B,A,A,A,A
A,B,A,A,A,A
A,B,A,A,A,A
A,B,A,A,A,B
A,B,A,A,A,A
A,B,A,A,A,B
A,B,A,A,A,A
A,B,A,A,A,B
A,B,A,A,A,A
A,B,A,A,A,A
A,C,A,A,A,B
A,B,A,A,A,A
A,B,A,A,A,A
A,B,A,A,A,A
A,B,A,A,A,A
A,B,A,A,A,A
A,B,A,A,A,A
A,B,A,A,A,A
A,B,A,A,A,A
A,B,A,A,A,A
A,B,A,A,A,A
A,B,A,A,A,A
A,B,A,A,A,A
A,B,A,A,A,A
A,B,A,A,A,A
A,B,A,A,A,A
A,B,A,A,A,A
A,B,A,A,A,A
A,B,A,A,A,A
A,B,A,A,A,A
A,B,A,A,A,A
A,B,A,A,A,A
A,B,A,A,A,B
A,B,A,A,A,A
A,B,A,A,A,A
A,B,A,A,A,A
A,B,A,A,A,B
A,B,A,A,A,A
A,B,A,A,A,A
A,B,A,A,A,A
A,B,A,A,A,A
A,B,A,A,A,A
A,B,A,A,A,A
A,B,A,A,A,A
A,B,A,A,A,B
A,B,A,A,A,B
A,B,A,A,A,A
A,B,A,A,A,A
A,B,A,A,A,A
A,B,A,A,A,B
A,B,A,A,A,B
A,B,A,A,A,A
A,B,A,A,A,A
A,B,A,A,A,A
A,B,A,A,A,B
A,B,A,A,A,A
A,B,A,A,A,A
A,B,A,A,A,A
A,B,A,A,A,A
A,B,A,A,A,B
A,B,A,A,A,B
A,B,A,A,A,A
A,B,A,A,A,A
A,B,A,A,A,B
A,B,A,A,A,A
A,B,A,A,A,A
A,B,A,A,A,A
A,B,A,A,A,C
A,B,A,A,A,A
A,B,A,A,A,A
A,B,A,A,A,B
A,B,A,A,A,A
A,B,A,A,A,A
A,B,A,A,A,A
A,B,A,A,A,A
A,B,A,A,A,A
A,B,A,A,A,B
A,B,A,A,A,A
A,B,A,A,A,A
A,B,A,A,A,A
A,B,A,A,A,A
A,B,A,A,A,B
A,B,A,A,A,A
A,B,A,A,A,B
A,B,A,A,A,A
A,B,A,A,A,B
A,B,A,A,A,A
A,B,A,A,A,A
A,B,A,A,A,A
A,B,A,A,A,A
A,B,A,A,A,A
A,B,A,A,A,A
A,B,A,A,A,A
A,B,A,A,A,A
A,B,A,A,A,B
A,B,A,A,A,B
A,B,A,A,A,A
A,B,A,A,A,A
A,B,A,A,A,A
A,B,A,A,A,B
A,B,A,A,A,A
A,B,A,A,A,A
A,B,A,A,A,A
A,B,A,A,A,A
A,B,A,A,A,A
A,B,A,A,A,B
A,B,A,A,A,A
A,B,A,A,A,A
A,B,A,A,A,A
A,B,A,A,A,A
A,B,A,A,A,A
A,B,A,A,A,A
A,B,A,A,A,A
A,B,A,A,A,B
A,B,A,A,A,A
A,B,A,A,A,A
A,B,A,A,A,A
A,B,A,A,A,A
A,B,A,A,A,A
A,B,A,A,A,A
A,B,A,A,A,A
A,B,A,A,A,E
A,B,A,A,A,A
A,B,A,A,A,A
A,B,A,A,A,A
A,B,A,A,A,A
A,B,A,A,A,A
A,B,A,A,A,A
A,B,A,A,A,A
A,B,A,A,A,A
A,B,A,A,A,A
A,B,A,A,A,A
A,B,A,A,A,C
A,B,A,A,A,A
A,B,A,A,A,C
A,B,A,A,A,C
A,B,A,A,A,A
A,B,A,A,A,C
A,B,A,A,A,A
A,B,A,A,A,A
A,B,A,A,A,A
A,B,A,A,A,A
A,B,A,A,A,A
A,B,A,A,A,A
A,B,A,A,A,A
A,B,A,A,A,A
A,B,A,A,A,A
A,B,A,A,A,A
A,B,A,A,A,A
A,B,A,A,A,A
A,B,A,A,A,A
A,B,A,A,A,A
A,B,A,A,A,A
A,B,A,A,A,B
A,B,A,A,A,A
A,B,A,A,A,A
A,B,A,A,A,A
A,B,A,A,A,A
A,B,A,A,A,A
A,B,A,A,A,A
A,B,A,A,A,C
A,B,A,A,A,B
A,B,A,A,A,D
A,B,A,A,A,D
A,B,A,A,A,A
A,B,A,A,A,A
A,B,A,A,A,A
A,B,A,A,A,A
A,B,A,A,A,A
A,B,A,A,A,A
A,B,A,A,A,A
A,B,A,A,A,A
A,B,A,A,A,A
A,B,A,A,A,A
A,B,A,A,A,A
A,B,A,A,A,A
A,B,A,A,A,A
A,B,A,A,A,A
A,B,A,A,A,A
A,B,A,A,A,A
A,B,A,A,A,A
A,B,A,A,A,A
A,B,A,A,A,A
A,B,A,A,A,A
A,B,A,A,A,A
A,B,A,A,A,B
A,B,A,A,A,A
A,B,A,A,A,A
A,B,A,A,A,D
A,B,A,A,A,A
A,B,A,A,A,D
A,B,A,A,A,A
A,B,A,A,A,B
A,B,A,A,A,A
A,B,A,A,A,A
A,B,A,A,A,A
A,B,A,A,A,A
A,B,A,A,A,A
A,B,A,A,A,A
A,B,A,A,A,A
A,B,A,A,A,A
A,B,A,A,A,A
A,B,A,A,A,A
A,B,A,A,A,A
A,B,A,A,A,A
A,B,A,A,A,A
A,B,A,A,A,D
A,B,A,A,A,A
A,B,A,A,A,A
A,B,A,A,A,A
A,B,A,A,A,A
A,B,A,A,A,A
A,B,A,A,A,A
A,B,A,A,A,A
A,B,A,A,A,A
A,B,A,A,A,A
A,B,A,A,A,A
A,B,A,A,A,A
A,B,A,A,A,A
A,B,A,A,A,B
A,B,A,A,A,A
A,B,A,A,A,A
A,B,A,A,A,A
A,B,A,A,A,A
A,B,A,A,A,D
A,B,A,A,A,A
A,B,A,A,A,A
A,B,A,A,A,A
A,B,A,A,A,A
A,B,A,A,A,A
A,B,A,A,A,A
A,B,A,A,A,A
A,B,A,A,A,A
A,B,A,A,A,A
A,B,A,A,A,A
A,B,A,A,A,A
A,B,A,A,A,B
A,B,A,A,A,A
A,B,A,A,A,A
A,B,A,A,A,A
A,B,A,A,A,A
A,B,A,A,A,A
A,B,A,A,A,A
A,B,A,A,A,A
A,B,A,A,A,A
A,B,A,A,A,A
A,B,A,A,A,A
A,B,A,A,A,A
A,B,A,A,A,A
A,B,A,A,A,A
A,B,A,A,A,A
A,B,A,A,A,A
A,B,A,A,A,A
A,B,A,A,A,A
A,B,A,A,A,A
A,B,A,A,A,A
A,B,A,A,A,A
A,B,A,A,A,A
A,B,A,A,A,A
A,B,A,A,A,A
A,B,A,A,A,A
A,B,A,A,A,B
A,B,A,A,A,A
A,B,A,A,A,A
A,B,A,A,A,A
A,B,A,A,A,A
A,B,A,A,A,A
A,B,A,A,A,B
A,B,A,A,A,A
A,B,A,A,A,A
A,B,A,A,A,A
A,B,A,A,A,A
A,B,A,A,A,A
A,B,A,A,A,D
A,B,A,A,A,B
A,B,A,A,A,A
A,B,A,A,A,B
A,B,A,A,A,A
A,B,A,A,A,B
A,B,A,A,A,C
A,B,A,A,A,A
A,B,A,A,A,A
A,B,A,A,A,A
A,B,A,A,A,A
A,B,A,A,A,A
A,B,A,A,A,B
A,B,A,A,A,A
A,B,A,A,A,C
A,B,A,A,A,A
A,B,A,A,A,A
A,B,A,A,A,A
A,B,A,A,A,A
A,B,A,A,A,A
A,B,A,A,A,A
A,B,A,A,A,C
A,B,A,A,A,C
A,B,A,A,A,C
A,B,A,A,A,C
A,B,A,A,A,B
A,B,A,A,A,B
A,B,A,A,A,A
A,B,A,A,A,A
A,B,A,A,A,C
A,B,A,A,A,C
A,B,A,A,A,C
A,B,A,A,A,A
A,B,A,A,A,C
A,B,A,A,A,A
A,B,A,A,A,C
A,B,A,A,A,B
A,B,A,A,A,A
A,B,A,A,A,B
A,B,A,A,A,A
A,B,A,A,A,A
A,B,A,A,A,C
A,B,A,A,A,B
A,B,A,A,A,C
A,B,A,A,A,A
A,B,A,A,A,A
A,B,A,A,A,C
A,B,A,A,A,A
A,B,A,A,A,A
A,B,A,A,A,A
A,B,A,A,A,C
A,B,A,A,A,A
A,B,A,A,A,B
A,B,A,A,A,C
A,B,A,A,A,C
A,B,A,A,A,A
A,B,A,A,A,C
A,B,A,A,A,C
A,B,A,A,A,B
A,B,A,A,A,C
A,B,A,A,A,B
A,B,A,A,A,A
A,B,A,A,A,B
A,B,A,A,A,C
A,B,A,A,A,B
A,B,A,A,A,B
A,B,A,A,A,C
A,B,A,A,A,A
A,B,A,A,A,C
A,B,A,A,A,A
A,B,A,A,A,A
A,B,A,A,A,A
A,B,A,A,A,A
A,B,A,A,A,A
A,B,A,A,A,C
A,B,A,A,A,A
A,B,A,A,A,A
A,B,A,A,A,A
A,B,A,A,A,A
A,B,A,A,A,A
A,B,A,A,A,A
A,B,A,A,A,B
A,B,A,A,A,B
A,B,A,A,A,B
A,B,A,A,A,A
A,B,A,A,A,B
A,B,A,A,A,A
A,B,A,A,A,C
A,B,A,A,A,A
A,B,A,A,A,A
A,B,A,A,A,A
A,B,A,A,A,B
A,B,A,A,A,A
A,B,A,A,A,A
A,B,A,A,A,C
A,B,A,A,A,A
A,B,A,A,A,C
A,B,A,A,A,B
A,B,A,A,A,A
A,B,A,A,A,A
A,B,A,A,A,A
A,B,A,A,A,A
A,B,A,A,A,A
A,B,A,A,A,C
A,B,A,A,A,A
A,B,A,A,A,A
A,B,A,A,A,A
A,B,A,A,A,A
A,B,A,A,A,A
A,B,A,A,A,A
A,B,A,A,A,A
A,B,A,A,A,A
A,B,A,A,A,A
A,B,A,A,A,A
A,B,A,A,A,C
A,B,A,A,A,A
A,B,A,A,A,A
A,B,A,A,A,A
A,B,A,A,A,A
A,B,A,A,A,A
A,B,A,A,A,A
A,B,A,A,A,A
A,B,A,A,A,C
A,B,A,A,A,A
A,B,A,A,A,A
A,B,A,A,A,C
A,B,A,A,A,C
A,B,A,A,A,A
A,B,A,A,A,A
A,B,A,A,A,A
A,B,A,A,A,C
A,B,A,A,A,C
A,B,A,A,A,C
A,B,A,A,A,C
A,B,A,A,A,C
A,B,A,A,A,F
A,B,A,A,A,C
A,B,A,A,A,A
A,B,A,A,A,C
A,B,A,A,A,C
A,B,A,A,A,C
A,B,A,A,A,A
A,B,A,A,A,A
A,B,A,A,A,C
A,B,A,A,A,C
A,B,A,A,A,C
A,B,A,A,A,A
A,B,A,A,A,C
A,B,A,A,A,C
A,B,A,A,A,C
A,B,A,A,A,C
A,B,A,A,A,A
A,B,A,A,A,C
A,B,A,A,A,A
A,B,A,A,A,A
A,B,A,A,A,A
A,B,A,A,A,A
A,B,A,A,A,A
A,B,A,A,A,A
A,B,A,A,A,C
A,B,A,A,A,B
A,B,A,A,A,B
A,B,A,A,A,A
A,B,A,A,A,A
A,B,A,A,A,C
A,B,A,A,A,A
A,B,A,A,A,A
A,B,A,A,A,C
A,B,A,A,A,C
A,B,A,A,A,A
A,B,A,A,A,A
A,B,A,A,A,C
A,B,A,A,A,A
A,B,A,A,A,A
A,B,A,A,A,A
A,B,A,A,A,C
A,B,A,A,A,C
A,B,A,A,A,C
A,B,A,A,A,A
A,B,A,A,A,A
A,B,A,A,A,C
A,B,A,A,A,A
A,B,A,A,A,B
A,B,A,A,A,A
A,B,A,A,A,A
A,B,A,A,A,A
A,B,A,A,A,B
A,B,A,A,A,C
A,B,A,A,A,C
A,B,A,A,A,A
A,B,A,A,A,A
A,B,A,A,A,A
A,B,A,A,A,A
A,B,A,A,A,C
A,B,A,A,A,A
A,B,A,A,A,C
A,B,A,A,A,C
A,B,A,A,A,C
A,B,A,A,A,A
A,B,A,A,A,A
A,B,A,A,A,A
A,B,A,A,A,C
A,B,A,A,A,C
A,B,A,A,A,A
A,B,A,A,A,C
A,B,A,A,A,C
A,B,A,A,A,C
A,B,A,A,A,C
A,B,A,A,A,C
A,B,A,A,A,A
A,B,A,A,A,C
A,B,A,A,A,A
A,B,A,A,A,B
A,B,A,A,A,A
A,B,A,A,A,A
A,B,A,A,A,A
A,B,A,A,A,B
A,B,A,A,A,A
A,B,A,A,A,A
A,B,A,A,A,A
A,B,A,A,A,C
A,B,A,A,A,C
A,B,A,A,A,C
A,B,A,A,A,A
A,B,A,A,A,B
A,B,A,A,A,A
A,B,A,A,A,A
A,B,A,A,A,A
A,B,A,A,A,C
A,B,A,A,A,A
A,B,A,A,A,A
A,B,A,A,A,A
A,B,A,A,A,A
A,B,A,A,A,B
A,B,A,A,A,A
A,B,A,A,A,A
A,B,A,A,A,A
A,B,A,A,A,A
A,B,A,A,A,A
A,B,A,A,A,C
A,B,A,A,A,A
A,B,A,A,A,A
A,B,A,A,A,A
A,B,A,A,A,A
A,B,A,A,A,A
A,B,A,A,A,A
A,B,A,A,A,A
A,B,A,A,A,A
A,B,A,A,A,C
A,B,A,A,A,A
A,B,A,A,A,B
A,B,A,A,A,A
A,B,A,A,A,A
A,B,A,A,A,A
A,B,A,A,A,A
A,B,A,A,A,A
A,B,A,A,A,A
A,B,A,A,A,A
A,B,A,A,A,A
A,B,A,A,A,A
A,B,A,A,A,B
A,B,A,A,A,A
A,B,A,A,A,A
A,B,A,A,A,B
A,A,A,A,A,A
A,B,A,A,A,A
A,B,A,A,A,B
A,B,A,A,A,A
A,B,A,A,A,B
A,B,A,A,A,A
A,B,A,A,A,C
A,B,A,A,A,C
A,B,A,A,A,A
